ID,epitope,HLA_allele,PredIG,NOAH,NetCleave,Hydrophobicity_peptide,MW_peptide,Charge_peptide,Stab_peptide,TCR_contact,Hydrophobicity_tcr_contact,MW_tcr_contact,Charge_tcr_contact
HLA-A*02:01_AAFDRKSDAK,AAFDRKSDAK,HLA-A*02:01,0.18897979,4.003,0.6350056,-1.19,1108.21934,0.998283888698499,13.8,DRKSDA,-2.4,690.71104,-0.0014210774494972
HLA-A*01:01_AAFDRKSDAK,AAFDRKSDAK,HLA-A*01:01,0.1598891,0.595,0.6350056,-1.19,1108.21934,0.998283888698499,13.8,DRKSDA,-2.4,690.71104,-0.0014210774494972
HLA-A*03:01_AAFDRKSDAK,AAFDRKSDAK,HLA-A*03:01,0.1616166,-4.614,0.6350056,-1.19,1108.21934,0.998283888698499,13.8,DRKSDA,-2.4,690.71104,-0.0014210774494972
HLA-A*24:02_AAFDRKSDAK,AAFDRKSDAK,HLA-A*24:02,0.18824747,6.952,0.6350056,-1.19,1108.21934,0.998283888698499,13.8,DRKSDA,-2.4,690.71104,-0.0014210774494972
HLA-A*11:01_AAFDRKSDAK,AAFDRKSDAK,HLA-A*11:01,0.1655073,-4.979,0.6350056,-1.19,1108.21934,0.998283888698499,13.8,DRKSDA,-2.4,690.71104,-0.0014210774494972
HLA-B*07:02_AAFDRKSDAK,AAFDRKSDAK,HLA-B*07:02,0.16307256,-0.173,0.6350056,-1.19,1108.21934,0.998283888698499,13.8,DRKSDA,-2.4,690.71104,-0.0014210774494972
HLA-B*08:01_AAFDRKSDAK,AAFDRKSDAK,HLA-B*08:01,0.17546688,2.094,0.6350056,-1.19,1108.21934,0.998283888698499,13.8,DRKSDA,-2.4,690.71104,-0.0014210774494972
HLA-B*27:05_AAFDRKSDAK,AAFDRKSDAK,HLA-B*27:05,0.15958703,0.78,0.6350056,-1.19,1108.21934,0.998283888698499,13.8,DRKSDA,-2.4,690.71104,-0.0014210774494972
HLA-B*35:01_AAFDRKSDAK,AAFDRKSDAK,HLA-B*35:01,0.17933714,2.131,0.6350056,-1.19,1108.21934,0.998283888698499,13.8,DRKSDA,-2.4,690.71104,-0.0014210774494972
HLA-B*44:02_AAFDRKSDAK,AAFDRKSDAK,HLA-B*44:02,0.18968217,7.19,0.6350056,-1.19,1108.21934,0.998283888698499,13.8,DRKSDA,-2.4,690.71104,-0.0014210774494972
HLA-A*02:01_AARDRFPGL,AARDRFPGL,HLA-A*02:01,0.19317697,1.872,0.60864484,-0.477777777777778,1002.14104,0.998424160947252,21.9111111111111,DRFPG,-1.44,590.63654,-0.0015725277524979
HLA-A*01:01_AARDRFPGL,AARDRFPGL,HLA-A*01:01,0.29196867,8.678,0.60864484,-0.477777777777778,1002.14104,0.998424160947252,21.9111111111111,DRFPG,-1.44,590.63654,-0.0015725277524979
HLA-A*03:01_AARDRFPGL,AARDRFPGL,HLA-A*03:01,0.19705908,4.919,0.60864484,-0.477777777777778,1002.14104,0.998424160947252,21.9111111111111,DRFPG,-1.44,590.63654,-0.0015725277524979
HLA-A*24:02_AARDRFPGL,AARDRFPGL,HLA-A*24:02,0.19130728,2.817,0.60864484,-0.477777777777778,1002.14104,0.998424160947252,21.9111111111111,DRFPG,-1.44,590.63654,-0.0015725277524979
HLA-A*11:01_AARDRFPGL,AARDRFPGL,HLA-A*11:01,0.29748148,7.926,0.60864484,-0.477777777777778,1002.14104,0.998424160947252,21.9111111111111,DRFPG,-1.44,590.63654,-0.0015725277524979
HLA-B*07:02_AARDRFPGL,AARDRFPGL,HLA-B*07:02,0.16622347,-0.849,0.60864484,-0.477777777777778,1002.14104,0.998424160947252,21.9111111111111,DRFPG,-1.44,590.63654,-0.0015725277524979
HLA-B*08:01_AARDRFPGL,AARDRFPGL,HLA-B*08:01,0.16735888,-3.01,0.60864484,-0.477777777777778,1002.14104,0.998424160947252,21.9111111111111,DRFPG,-1.44,590.63654,-0.0015725277524979
HLA-B*27:05_AARDRFPGL,AARDRFPGL,HLA-B*27:05,0.19829872,5.564,0.60864484,-0.477777777777778,1002.14104,0.998424160947252,21.9111111111111,DRFPG,-1.44,590.63654,-0.0015725277524979
HLA-B*35:01_AARDRFPGL,AARDRFPGL,HLA-B*35:01,0.18851687,2.397,0.60864484,-0.477777777777778,1002.14104,0.998424160947252,21.9111111111111,DRFPG,-1.44,590.63654,-0.0015725277524979
HLA-B*44:02_AARDRFPGL,AARDRFPGL,HLA-B*44:02,0.19778417,7.184,0.60864484,-0.477777777777778,1002.14104,0.998424160947252,21.9111111111111,DRFPG,-1.44,590.63654,-0.0015725277524979
HLA-A*02:01_AARQRLQDI,AARQRLQDI,HLA-A*02:01,0.19354224,5.568,0.64814764,-0.844444444444444,1070.21664,0.998424160947252,87.9111111111111,QRLQD,-2.24,658.71214,-0.0015725277524979
HLA-A*01:01_AARQRLQDI,AARQRLQDI,HLA-A*01:01,0.31388414,8.461,0.64814764,-0.844444444444444,1070.21664,0.998424160947252,87.9111111111111,QRLQD,-2.24,658.71214,-0.0015725277524979
HLA-A*03:01_AARQRLQDI,AARQRLQDI,HLA-A*03:01,0.25464016,7.563,0.64814764,-0.844444444444444,1070.21664,0.998424160947252,87.9111111111111,QRLQD,-2.24,658.71214,-0.0015725277524979
HLA-A*24:02_AARQRLQDI,AARQRLQDI,HLA-A*24:02,0.18355146,4.622,0.64814764,-0.844444444444444,1070.21664,0.998424160947252,87.9111111111111,QRLQD,-2.24,658.71214,-0.0015725277524979
HLA-A*11:01_AARQRLQDI,AARQRLQDI,HLA-A*11:01,0.29547128,11.082,0.64814764,-0.844444444444444,1070.21664,0.998424160947252,87.9111111111111,QRLQD,-2.24,658.71214,-0.0015725277524979
HLA-B*07:02_AARQRLQDI,AARQRLQDI,HLA-B*07:02,0.15624848,-1.742,0.64814764,-0.844444444444444,1070.21664,0.998424160947252,87.9111111111111,QRLQD,-2.24,658.71214,-0.0015725277524979
HLA-B*08:01_AARQRLQDI,AARQRLQDI,HLA-B*08:01,0.15774974,-2.416,0.64814764,-0.844444444444444,1070.21664,0.998424160947252,87.9111111111111,QRLQD,-2.24,658.71214,-0.0015725277524979
HLA-B*27:05_AARQRLQDI,AARQRLQDI,HLA-B*27:05,0.38668746,11.557,0.64814764,-0.844444444444444,1070.21664,0.998424160947252,87.9111111111111,QRLQD,-2.24,658.71214,-0.0015725277524979
HLA-B*35:01_AARQRLQDI,AARQRLQDI,HLA-B*35:01,0.18897979,4.929,0.64814764,-0.844444444444444,1070.21664,0.998424160947252,87.9111111111111,QRLQD,-2.24,658.71214,-0.0015725277524979
HLA-B*44:02_AARQRLQDI,AARQRLQDI,HLA-B*44:02,0.18138698,5.047,0.64814764,-0.844444444444444,1070.21664,0.998424160947252,87.9111111111111,QRLQD,-2.24,658.71214,-0.0015725277524979
HLA-A*02:01_AASAFRCFI,AASAFRCFI,HLA-A*02:01,0.08338122,0.627,0.15998243,1.41111111111111,985.16874,0.936006272167139,8.88888888888889,AFRCF,1.08,642.77354,0.936006272167139
HLA-A*01:01_AASAFRCFI,AASAFRCFI,HLA-A*01:01,0.07835568,4.686,0.15998243,1.41111111111111,985.16874,0.936006272167139,8.88888888888889,AFRCF,1.08,642.77354,0.936006272167139
HLA-A*03:01_AASAFRCFI,AASAFRCFI,HLA-A*03:01,0.07502003,6.513,0.15998237,1.41111111111111,985.16874,0.936006272167139,8.88888888888889,AFRCF,1.08,642.77354,0.936006272167139
HLA-A*24:02_AASAFRCFI,AASAFRCFI,HLA-A*24:02,0.0832499,2.527,0.15998237,1.41111111111111,985.16874,0.936006272167139,8.88888888888889,AFRCF,1.08,642.77354,0.936006272167139
HLA-A*11:01_AASAFRCFI,AASAFRCFI,HLA-A*11:01,0.078083485,4.052,0.15998237,1.41111111111111,985.16874,0.936006272167139,8.88888888888889,AFRCF,1.08,642.77354,0.936006272167139
HLA-B*07:02_AASAFRCFI,AASAFRCFI,HLA-B*07:02,0.078083485,4.024,0.15998237,1.41111111111111,985.16874,0.936006272167139,8.88888888888889,AFRCF,1.08,642.77354,0.936006272167139
HLA-B*08:01_AASAFRCFI,AASAFRCFI,HLA-B*08:01,0.0832499,2.143,0.15998237,1.41111111111111,985.16874,0.936006272167139,8.88888888888889,AFRCF,1.08,642.77354,0.936006272167139
HLA-B*27:05_AASAFRCFI,AASAFRCFI,HLA-B*27:05,0.074050575,5.445,0.15998237,1.41111111111111,985.16874,0.936006272167139,8.88888888888889,AFRCF,1.08,642.77354,0.936006272167139
HLA-B*35:01_AASAFRCFI,AASAFRCFI,HLA-B*35:01,0.07502003,5.84,0.15998237,1.41111111111111,985.16874,0.936006272167139,8.88888888888889,AFRCF,1.08,642.77354,0.936006272167139
HLA-B*44:02_AASAFRCFI,AASAFRCFI,HLA-B*44:02,0.07426259,3.906,0.15998237,1.41111111111111,985.16874,0.936006272167139,8.88888888888889,AFRCF,1.08,642.77354,0.936006272167139
HLA-A*02:01_ADRPRAWRL,ADRPRAWRL,HLA-A*02:01,0.28800166,8.65,0.82166606,-1.34444444444444,1140.31324,1.998420849647,4.1,PRAWR,-1.94,684.79894,1.99797767679225
HLA-A*01:01_ADRPRAWRL,ADRPRAWRL,HLA-A*01:01,0.28387615,8.518,0.82166606,-1.34444444444444,1140.31324,1.998420849647,4.1,PRAWR,-1.94,684.79894,1.99797767679225
HLA-A*03:01_ADRPRAWRL,ADRPRAWRL,HLA-A*03:01,0.27852908,9.218,0.82166606,-1.34444444444444,1140.31324,1.998420849647,4.1,PRAWR,-1.94,684.79894,1.99797767679225
HLA-A*24:02_ADRPRAWRL,ADRPRAWRL,HLA-A*24:02,0.17921796,3.699,0.82166606,-1.34444444444444,1140.31324,1.998420849647,4.1,PRAWR,-1.94,684.79894,1.99797767679225
HLA-A*11:01_ADRPRAWRL,ADRPRAWRL,HLA-A*11:01,0.3769062,13.421,0.82166606,-1.34444444444444,1140.31324,1.998420849647,4.1,PRAWR,-1.94,684.79894,1.99797767679225
HLA-B*07:02_ADRPRAWRL,ADRPRAWRL,HLA-B*07:02,0.15159824,-0.462,0.82166606,-1.34444444444444,1140.31324,1.998420849647,4.1,PRAWR,-1.94,684.79894,1.99797767679225
HLA-B*08:01_ADRPRAWRL,ADRPRAWRL,HLA-B*08:01,0.16836873,0.267,0.82166606,-1.34444444444444,1140.31324,1.998420849647,4.1,PRAWR,-1.94,684.79894,1.99797767679225
HLA-B*27:05_ADRPRAWRL,ADRPRAWRL,HLA-B*27:05,0.19152649,4.525,0.82166606,-1.34444444444444,1140.31324,1.998420849647,4.1,PRAWR,-1.94,684.79894,1.99797767679225
HLA-B*35:01_ADRPRAWRL,ADRPRAWRL,HLA-B*35:01,0.28387615,8.403,0.82166606,-1.34444444444444,1140.31324,1.998420849647,4.1,PRAWR,-1.94,684.79894,1.99797767679225
HLA-B*44:02_ADRPRAWRL,ADRPRAWRL,HLA-B*44:02,0.17605086,3.602,0.82166606,-1.34444444444444,1140.31324,1.998420849647,4.1,PRAWR,-1.94,684.79894,1.99797767679225
