peptide,allele,label,n_assays,virus,hla_p1_hydrophobicity,hla_p1_aromaticity,hla_p1_vdw_volume,hla_p1_charge,hla_p2_hydrophobicity,hla_p2_aromaticity,hla_p2_vdw_volume,hla_p2_charge,hla_p3_hydrophobicity,hla_p3_aromaticity,hla_p3_vdw_volume,hla_p3_charge,hla_p4_hydrophobicity,hla_p4_aromaticity,hla_p4_vdw_volume,hla_p4_charge,hla_p5_hydrophobicity,hla_p5_aromaticity,hla_p5_vdw_volume,hla_p5_charge,hla_p6_hydrophobicity,hla_p6_aromaticity,hla_p6_vdw_volume,hla_p6_charge,hla_p7_hydrophobicity,hla_p7_aromaticity,hla_p7_vdw_volume,hla_p7_charge,hla_p8_hydrophobicity,hla_p8_aromaticity,hla_p8_vdw_volume,hla_p8_charge,hla_p9_hydrophobicity,hla_p9_aromaticity,hla_p9_vdw_volume,hla_p9_charge,hla_p10_hydrophobicity,hla_p10_aromaticity,hla_p10_vdw_volume,hla_p10_charge,hla_p11_hydrophobicity,hla_p11_aromaticity,hla_p11_vdw_volume,hla_p11_charge,hla_p12_hydrophobicity,hla_p12_aromaticity,hla_p12_vdw_volume,hla_p12_charge,hla_p13_hydrophobicity,hla_p13_aromaticity,hla_p13_vdw_volume,hla_p13_charge,hla_p14_hydrophobicity,hla_p14_aromaticity,hla_p14_vdw_volume,hla_p14_charge,hla_p15_hydrophobicity,hla_p15_aromaticity,hla_p15_vdw_volume,hla_p15_charge,hla_p16_hydrophobicity,hla_p16_aromaticity,hla_p16_vdw_volume,hla_p16_charge,hla_p17_hydrophobicity,hla_p17_aromaticity,hla_p17_vdw_volume,hla_p17_charge,hla_p18_hydrophobicity,hla_p18_aromaticity,hla_p18_vdw_volume,hla_p18_charge,hla_p19_hydrophobicity,hla_p19_aromaticity,hla_p19_vdw_volume,hla_p19_charge,hla_p20_hydrophobicity,hla_p20_aromaticity,hla_p20_vdw_volume,hla_p20_charge,hla_p21_hydrophobicity,hla_p21_aromaticity,hla_p21_vdw_volume,hla_p21_charge,hla_p22_hydrophobicity,hla_p22_aromaticity,hla_p22_vdw_volume,hla_p22_charge,hla_p23_hydrophobicity,hla_p23_aromaticity,hla_p23_vdw_volume,hla_p23_charge,hla_p24_hydrophobicity,hla_p24_aromaticity,hla_p24_vdw_volume,hla_p24_charge,hla_p25_hydrophobicity,hla_p25_aromaticity,hla_p25_vdw_volume,hla_p25_charge,hla_p26_hydrophobicity,hla_p26_aromaticity,hla_p26_vdw_volume,hla_p26_charge,hla_p27_hydrophobicity,hla_p27_aromaticity,hla_p27_vdw_volume,hla_p27_charge,hla_p28_hydrophobicity,hla_p28_aromaticity,hla_p28_vdw_volume,hla_p28_charge,hla_p29_hydrophobicity,hla_p29_aromaticity,hla_p29_vdw_volume,hla_p29_charge,hla_p30_hydrophobicity,hla_p30_aromaticity,hla_p30_vdw_volume,hla_p30_charge,hla_p31_hydrophobicity,hla_p31_aromaticity,hla_p31_vdw_volume,hla_p31_charge,hla_p32_hydrophobicity,hla_p32_aromaticity,hla_p32_vdw_volume,hla_p32_charge,hla_p33_hydrophobicity,hla_p33_aromaticity,hla_p33_vdw_volume,hla_p33_charge,hla_p34_hydrophobicity,hla_p34_aromaticity,hla_p34_vdw_volume,hla_p34_charge,peptide_length
AVFDRKSDAK,HLA-A*02:01,1,4,EBV,-1.3,1.0,141.0,0.0,2.8,1.0,135.0,0.0,1.8,0.0,67.0,0.0,1.9,0.0,124.0,0.0,-1.3,1.0,141.0,0.0,-3.5,0.0,114.0,0.0,-3.5,0.0,109.0,-1.0,-3.5,0.0,96.0,0.0,4.2,0.0,105.0,0.0,1.8,0.0,67.0,0.0,-3.2,1.0,118.0,0.0,-4.5,0.0,148.0,1.0,-3.5,0.0,91.0,-1.0,1.8,0.0,67.0,0.0,-3.5,0.0,96.0,0.0,-0.7,0.0,93.0,0.0,1.8,0.0,67.0,0.0,1.8,0.0,67.0,0.0,1.8,0.0,67.0,0.0,1.8,0.0,67.0,0.0,-3.2,1.0,118.0,0.0,-0.7,0.0,93.0,0.0,3.8,0.0,124.0,0.0,4.2,0.0,105.0,0.0,-3.9,0.0,135.0,1.0,1.9,0.0,124.0,0.0,-0.7,0.0,93.0,0.0,-4.5,0.0,148.0,1.0,-3.5,0.0,96.0,0.0,1.9,0.0,124.0,0.0,-1.3,1.0,141.0,0.0,-1.6,0.0,90.0,0.0,-0.7,0.0,93.0,0.0,-3.2,1.0,118.0,0.0,10
AVFDRKSDAK,HLA-A*03:01,1,4,EBV,-1.3,1.0,141.0,0.0,2.8,1.0,135.0,0.0,1.8,0.0,67.0,0.0,1.9,0.0,124.0,0.0,-1.3,1.0,141.0,0.0,-3.5,0.0,114.0,0.0,-3.5,0.0,109.0,-1.0,-3.5,0.0,96.0,0.0,4.2,0.0,105.0,0.0,1.8,0.0,67.0,0.0,-3.2,1.0,118.0,0.0,-4.5,0.0,148.0,1.0,-3.5,0.0,91.0,-1.0,1.8,0.0,67.0,0.0,-3.5,0.0,96.0,0.0,-0.7,0.0,93.0,0.0,1.8,0.0,67.0,0.0,1.8,0.0,67.0,0.0,1.8,0.0,67.0,0.0,1.8,0.0,67.0,0.0,-3.2,1.0,118.0,0.0,-0.7,0.0,93.0,0.0,3.8,0.0,124.0,0.0,4.2,0.0,105.0,0.0,-3.9,0.0,135.0,1.0,1.9,0.0,124.0,0.0,-0.7,0.0,93.0,0.0,-4.5,0.0,148.0,1.0,-3.5,0.0,96.0,0.0,1.9,0.0,124.0,0.0,-1.3,1.0,141.0,0.0,-1.6,0.0,90.0,0.0,-0.7,0.0,93.0,0.0,-3.2,1.0,118.0,0.0,10
AVFDRKSDAK,HLA-A*11:01,1,27,EBV,-1.3,1.0,141.0,0.0,2.8,1.0,135.0,0.0,1.8,0.0,67.0,0.0,1.9,0.0,124.0,0.0,-1.3,1.0,141.0,0.0,-3.5,0.0,114.0,0.0,-3.5,0.0,109.0,-1.0,-3.5,0.0,96.0,0.0,4.2,0.0,105.0,0.0,1.8,0.0,67.0,0.0,-3.2,1.0,118.0,0.0,-4.5,0.0,148.0,1.0,-3.5,0.0,91.0,-1.0,1.8,0.0,67.0,0.0,-3.5,0.0,96.0,0.0,-0.7,0.0,93.0,0.0,1.8,0.0,67.0,0.0,1.8,0.0,67.0,0.0,1.8,0.0,67.0,0.0,1.8,0.0,67.0,0.0,-3.2,1.0,118.0,0.0,-0.7,0.0,93.0,0.0,3.8,0.0,124.0,0.0,4.2,0.0,105.0,0.0,-3.9,0.0,135.0,1.0,1.9,0.0,124.0,0.0,-0.7,0.0,93.0,0.0,-4.5,0.0,148.0,1.0,-3.5,0.0,96.0,0.0,1.9,0.0,124.0,0.0,-1.3,1.0,141.0,0.0,-1.6,0.0,90.0,0.0,-0.7,0.0,93.0,0.0,-3.2,1.0,118.0,0.0,10
CLGGLLTMV,HLA-A*02:01,1,165,EBV,-1.3,1.0,141.0,0.0,2.8,1.0,135.0,0.0,1.8,0.0,67.0,0.0,1.9,0.0,124.0,0.0,-1.3,1.0,141.0,0.0,-3.5,0.0,114.0,0.0,-3.5,0.0,109.0,-1.0,-3.5,0.0,96.0,0.0,4.2,0.0,105.0,0.0,1.8,0.0,67.0,0.0,-3.2,1.0,118.0,0.0,-4.5,0.0,148.0,1.0,-3.5,0.0,91.0,-1.0,1.8,0.0,67.0,0.0,-3.5,0.0,96.0,0.0,-0.7,0.0,93.0,0.0,1.8,0.0,67.0,0.0,1.8,0.0,67.0,0.0,1.8,0.0,67.0,0.0,1.8,0.0,67.0,0.0,-3.2,1.0,118.0,0.0,-0.7,0.0,93.0,0.0,3.8,0.0,124.0,0.0,4.2,0.0,105.0,0.0,-3.9,0.0,135.0,1.0,1.9,0.0,124.0,0.0,-0.7,0.0,93.0,0.0,-4.5,0.0,148.0,1.0,-3.5,0.0,96.0,0.0,1.9,0.0,124.0,0.0,-1.3,1.0,141.0,0.0,-1.6,0.0,90.0,0.0,-0.7,0.0,93.0,0.0,-3.2,1.0,118.0,0.0,9
FLRGRAYGL,HLA-A*02:01,1,5,EBV,-1.3,1.0,141.0,0.0,2.8,1.0,135.0,0.0,1.8,0.0,67.0,0.0,1.9,0.0,124.0,0.0,-1.3,1.0,141.0,0.0,-3.5,0.0,114.0,0.0,-3.5,0.0,109.0,-1.0,-3.5,0.0,96.0,0.0,4.2,0.0,105.0,0.0,1.8,0.0,67.0,0.0,-3.2,1.0,118.0,0.0,-4.5,0.0,148.0,1.0,-3.5,0.0,91.0,-1.0,1.8,0.0,67.0,0.0,-3.5,0.0,96.0,0.0,-0.7,0.0,93.0,0.0,1.8,0.0,67.0,0.0,1.8,0.0,67.0,0.0,1.8,0.0,67.0,0.0,1.8,0.0,67.0,0.0,-3.2,1.0,118.0,0.0,-0.7,0.0,93.0,0.0,3.8,0.0,124.0,0.0,4.2,0.0,105.0,0.0,-3.9,0.0,135.0,1.0,1.9,0.0,124.0,0.0,-0.7,0.0,93.0,0.0,-4.5,0.0,148.0,1.0,-3.5,0.0,96.0,0.0,1.9,0.0,124.0,0.0,-1.3,1.0,141.0,0.0,-1.6,0.0,90.0,0.0,-0.7,0.0,93.0,0.0,-3.2,1.0,118.0,0.0,9
FLRGRAYGL,HLA-B*08:01,1,127,EBV,-1.3,1.0,141.0,0.0,2.8,1.0,135.0,0.0,-0.8,0.0,73.0,0.0,1.9,0.0,124.0,0.0,-1.3,1.0,141.0,0.0,-3.5,0.0,114.0,0.0,-3.5,0.0,109.0,-1.0,-3.5,0.0,96.0,0.0,4.2,0.0,105.0,0.0,1.8,0.0,67.0,0.0,-3.2,1.0,118.0,0.0,-4.5,0.0,148.0,1.0,-3.5,0.0,91.0,-1.0,4.2,0.0,105.0,0.0,-3.5,0.0,96.0,0.0,-0.7,0.0,93.0,0.0,1.8,0.0,67.0,0.0,1.8,0.0,67.0,0.0,1.8,0.0,67.0,0.0,1.8,0.0,67.0,0.0,-3.2,1.0,118.0,0.0,-0.7,0.0,93.0,0.0,3.8,0.0,124.0,0.0,4.2,0.0,105.0,0.0,-4.5,0.0,148.0,1.0,1.9,0.0,124.0,0.0,-0.7,0.0,93.0,0.0,-3.9,0.0,135.0,1.0,-3.5,0.0,96.0,0.0,1.9,0.0,124.0,0.0,2.8,1.0,135.0,0.0,-1.6,0.0,90.0,0.0,-0.7,0.0,93.0,0.0,-3.2,1.0,118.0,0.0,9
FLRGRAYGL,HLA-B*35:01,1,2,EBV,-1.3,1.0,141.0,0.0,2.8,1.0,135.0,0.0,-0.8,0.0,73.0,0.0,1.9,0.0,124.0,0.0,-1.3,1.0,141.0,0.0,-3.5,0.0,114.0,0.0,-3.5,0.0,109.0,-1.0,-3.5,0.0,96.0,0.0,4.2,0.0,105.0,0.0,1.8,0.0,67.0,0.0,-3.2,1.0,118.0,0.0,-4.5,0.0,148.0,1.0,-3.5,0.0,91.0,-1.0,4.2,0.0,105.0,0.0,-3.5,0.0,96.0,0.0,-0.7,0.0,93.0,0.0,1.8,0.0,67.0,0.0,1.8,0.0,67.0,0.0,1.8,0.0,67.0,0.0,1.8,0.0,67.0,0.0,-3.2,1.0,118.0,0.0,-0.7,0.0,93.0,0.0,3.8,0.0,124.0,0.0,4.2,0.0,105.0,0.0,-4.5,0.0,148.0,1.0,1.9,0.0,124.0,0.0,-0.7,0.0,93.0,0.0,-3.9,0.0,135.0,1.0,-3.5,0.0,96.0,0.0,1.9,0.0,124.0,0.0,2.8,1.0,135.0,0.0,-1.6,0.0,90.0,0.0,-0.7,0.0,93.0,0.0,-3.2,1.0,118.0,0.0,9
FLRGRAYGL,HLA-B*44:02,1,4,EBV,-1.3,1.0,141.0,0.0,2.8,1.0,135.0,0.0,-0.8,0.0,73.0,0.0,1.9,0.0,124.0,0.0,-1.3,1.0,141.0,0.0,-3.5,0.0,114.0,0.0,-3.5,0.0,109.0,-1.0,-3.5,0.0,96.0,0.0,4.2,0.0,105.0,0.0,1.8,0.0,67.0,0.0,-3.2,1.0,118.0,0.0,-4.5,0.0,148.0,1.0,-3.5,0.0,91.0,-1.0,4.2,0.0,105.0,0.0,-3.5,0.0,96.0,0.0,-0.7,0.0,93.0,0.0,1.8,0.0,67.0,0.0,1.8,0.0,67.0,0.0,1.8,0.0,67.0,0.0,1.8,0.0,67.0,0.0,-3.2,1.0,118.0,0.0,-0.7,0.0,93.0,0.0,3.8,0.0,124.0,0.0,4.2,0.0,105.0,0.0,-4.5,0.0,148.0,1.0,1.9,0.0,124.0,0.0,-0.7,0.0,93.0,0.0,-3.9,0.0,135.0,1.0,-3.5,0.0,96.0,0.0,1.9,0.0,124.0,0.0,2.8,1.0,135.0,0.0,-1.6,0.0,90.0,0.0,-0.7,0.0,93.0,0.0,-3.2,1.0,118.0,0.0,9
GLCTLVAML,HLA-A*02:01,1,273,EBV,-1.3,1.0,141.0,0.0,2.8,1.0,135.0,0.0,1.8,0.0,67.0,0.0,1.9,0.0,124.0,0.0,-1.3,1.0,141.0,0.0,-3.5,0.0,114.0,0.0,-3.5,0.0,109.0,-1.0,-3.5,0.0,96.0,0.0,4.2,0.0,105.0,0.0,1.8,0.0,67.0,0.0,-3.2,1.0,118.0,0.0,-4.5,0.0,148.0,1.0,-3.5,0.0,91.0,-1.0,1.8,0.0,67.0,0.0,-3.5,0.0,96.0,0.0,-0.7,0.0,93.0,0.0,1.8,0.0,67.0,0.0,1.8,0.0,67.0,0.0,1.8,0.0,67.0,0.0,1.8,0.0,67.0,0.0,-3.2,1.0,118.0,0.0,-0.7,0.0,93.0,0.0,3.8,0.0,124.0,0.0,4.2,0.0,105.0,0.0,-3.9,0.0,135.0,1.0,1.9,0.0,124.0,0.0,-0.7,0.0,93.0,0.0,-4.5,0.0,148.0,1.0,-3.5,0.0,96.0,0.0,1.9,0.0,124.0,0.0,-1.3,1.0,141.0,0.0,-1.6,0.0,90.0,0.0,-0.7,0.0,93.0,0.0,-3.2,1.0,118.0,0.0,9
GLCTLVAML,HLA-B*08:01,0,2,EBV,-1.3,1.0,141.0,0.0,2.8,1.0,135.0,0.0,-0.8,0.0,73.0,0.0,1.9,0.0,124.0,0.0,-1.3,1.0,141.0,0.0,-3.5,0.0,114.0,0.0,-3.5,0.0,109.0,-1.0,-3.5,0.0,96.0,0.0,4.2,0.0,105.0,0.0,1.8,0.0,67.0,0.0,-3.2,1.0,118.0,0.0,-4.5,0.0,148.0,1.0,-3.5,0.0,91.0,-1.0,4.2,0.0,105.0,0.0,-3.5,0.0,96.0,0.0,-0.7,0.0,93.0,0.0,1.8,0.0,67.0,0.0,1.8,0.0,67.0,0.0,1.8,0.0,67.0,0.0,1.8,0.0,67.0,0.0,-3.2,1.0,118.0,0.0,-0.7,0.0,93.0,0.0,3.8,0.0,124.0,0.0,4.2,0.0,105.0,0.0,-4.5,0.0,148.0,1.0,1.9,0.0,124.0,0.0,-0.7,0.0,93.0,0.0,-3.9,0.0,135.0,1.0,-3.5,0.0,96.0,0.0,1.9,0.0,124.0,0.0,2.8,1.0,135.0,0.0,-1.6,0.0,90.0,0.0,-0.7,0.0,93.0,0.0,-3.2,1.0,118.0,0.0,9
HPVGEADYFEY,HLA-A*02:01,1,5,EBV,-1.3,1.0,141.0,0.0,2.8,1.0,135.0,0.0,1.8,0.0,67.0,0.0,1.9,0.0,124.0,0.0,-1.3,1.0,141.0,0.0,-3.5,0.0,114.0,0.0,-3.5,0.0,109.0,-1.0,-3.5,0.0,96.0,0.0,4.2,0.0,105.0,0.0,1.8,0.0,67.0,0.0,-3.2,1.0,118.0,0.0,-4.5,0.0,148.0,1.0,-3.5,0.0,91.0,-1.0,1.8,0.0,67.0,0.0,-3.5,0.0,96.0,0.0,-0.7,0.0,93.0,0.0,1.8,0.0,67.0,0.0,1.8,0.0,67.0,0.0,1.8,0.0,67.0,0.0,1.8,0.0,67.0,0.0,-3.2,1.0,118.0,0.0,-0.7,0.0,93.0,0.0,3.8,0.0,124.0,0.0,4.2,0.0,105.0,0.0,-3.9,0.0,135.0,1.0,1.9,0.0,124.0,0.0,-0.7,0.0,93.0,0.0,-4.5,0.0,148.0,1.0,-3.5,0.0,96.0,0.0,1.9,0.0,124.0,0.0,-1.3,1.0,141.0,0.0,-1.6,0.0,90.0,0.0,-0.7,0.0,93.0,0.0,-3.2,1.0,118.0,0.0,11
HPVGEADYFEY,HLA-A*03:01,1,3,EBV,-1.3,1.0,141.0,0.0,2.8,1.0,135.0,0.0,1.8,0.0,67.0,0.0,1.9,0.0,124.0,0.0,-1.3,1.0,141.0,0.0,-3.5,0.0,114.0,0.0,-3.5,0.0,109.0,-1.0,-3.5,0.0,96.0,0.0,4.2,0.0,105.0,0.0,1.8,0.0,67.0,0.0,-3.2,1.0,118.0,0.0,-4.5,0.0,148.0,1.0,-3.5,0.0,91.0,-1.0,1.8,0.0,67.0,0.0,-3.5,0.0,96.0,0.0,-0.7,0.0,93.0,0.0,1.8,0.0,67.0,0.0,1.8,0.0,67.0,0.0,1.8,0.0,67.0,0.0,1.8,0.0,67.0,0.0,-3.2,1.0,118.0,0.0,-0.7,0.0,93.0,0.0,3.8,0.0,124.0,0.0,4.2,0.0,105.0,0.0,-3.9,0.0,135.0,1.0,1.9,0.0,124.0,0.0,-0.7,0.0,93.0,0.0,-4.5,0.0,148.0,1.0,-3.5,0.0,96.0,0.0,1.9,0.0,124.0,0.0,-1.3,1.0,141.0,0.0,-1.6,0.0,90.0,0.0,-0.7,0.0,93.0,0.0,-3.2,1.0,118.0,0.0,11
HPVGEADYFEY,HLA-B*08:01,1,4,EBV,-1.3,1.0,141.0,0.0,2.8,1.0,135.0,0.0,-0.8,0.0,73.0,0.0,1.9,0.0,124.0,0.0,-1.3,1.0,141.0,0.0,-3.5,0.0,114.0,0.0,-3.5,0.0,109.0,-1.0,-3.5,0.0,96.0,0.0,4.2,0.0,105.0,0.0,1.8,0.0,67.0,0.0,-3.2,1.0,118.0,0.0,-4.5,0.0,148.0,1.0,-3.5,0.0,91.0,-1.0,4.2,0.0,105.0,0.0,-3.5,0.0,96.0,0.0,-0.7,0.0,93.0,0.0,1.8,0.0,67.0,0.0,1.8,0.0,67.0,0.0,1.8,0.0,67.0,0.0,1.8,0.0,67.0,0.0,-3.2,1.0,118.0,0.0,-0.7,0.0,93.0,0.0,3.8,0.0,124.0,0.0,4.2,0.0,105.0,0.0,-4.5,0.0,148.0,1.0,1.9,0.0,124.0,0.0,-0.7,0.0,93.0,0.0,-3.9,0.0,135.0,1.0,-3.5,0.0,96.0,0.0,1.9,0.0,124.0,0.0,2.8,1.0,135.0,0.0,-1.6,0.0,90.0,0.0,-0.7,0.0,93.0,0.0,-3.2,1.0,118.0,0.0,11
HPVGEADYFEY,HLA-B*35:01,1,64,EBV,-1.3,1.0,141.0,0.0,2.8,1.0,135.0,0.0,-0.8,0.0,73.0,0.0,1.9,0.0,124.0,0.0,-1.3,1.0,141.0,0.0,-3.5,0.0,114.0,0.0,-3.5,0.0,109.0,-1.0,-3.5,0.0,96.0,0.0,4.2,0.0,105.0,0.0,1.8,0.0,67.0,0.0,-3.2,1.0,118.0,0.0,-4.5,0.0,148.0,1.0,-3.5,0.0,91.0,-1.0,4.2,0.0,105.0,0.0,-3.5,0.0,96.0,0.0,-0.7,0.0,93.0,0.0,1.8,0.0,67.0,0.0,1.8,0.0,67.0,0.0,1.8,0.0,67.0,0.0,1.8,0.0,67.0,0.0,-3.2,1.0,118.0,0.0,-0.7,0.0,93.0,0.0,3.8,0.0,124.0,0.0,4.2,0.0,105.0,0.0,-4.5,0.0,148.0,1.0,1.9,0.0,124.0,0.0,-0.7,0.0,93.0,0.0,-3.9,0.0,135.0,1.0,-3.5,0.0,96.0,0.0,1.9,0.0,124.0,0.0,2.8,1.0,135.0,0.0,-1.6,0.0,90.0,0.0,-0.7,0.0,93.0,0.0,-3.2,1.0,118.0,0.0,11
IVTDFSVIK,HLA-A*02:01,1,1,EBV,-1.3,1.0,141.0,0.0,2.8,1.0,135.0,0.0,1.8,0.0,67.0,0.0,1.9,0.0,124.0,0.0,-1.3,1.0,141.0,0.0,-3.5,0.0,114.0,0.0,-3.5,0.0,109.0,-1.0,-3.5,0.0,96.0,0.0,4.2,0.0,105.0,0.0,1.8,0.0,67.0,0.0,-3.2,1.0,118.0,0.0,-4.5,0.0,148.0,1.0,-3.5,0.0,91.0,-1.0,1.8,0.0,67.0,0.0,-3.5,0.0,96.0,0.0,-0.7,0.0,93.0,0.0,1.8,0.0,67.0,0.0,1.8,0.0,67.0,0.0,1.8,0.0,67.0,0.0,1.8,0.0,67.0,0.0,-3.2,1.0,118.0,0.0,-0.7,0.0,93.0,0.0,3.8,0.0,124.0,0.0,4.2,0.0,105.0,0.0,-3.9,0.0,135.0,1.0,1.9,0.0,124.0,0.0,-0.7,0.0,93.0,0.0,-4.5,0.0,148.0,1.0,-3.5,0.0,96.0,0.0,1.9,0.0,124.0,0.0,-1.3,1.0,141.0,0.0,-1.6,0.0,90.0,0.0,-0.7,0.0,93.0,0.0,-3.2,1.0,118.0,0.0,9
IVTDFSVIK,HLA-A*11:01,1,16,EBV,-1.3,1.0,141.0,0.0,2.8,1.0,135.0,0.0,1.8,0.0,67.0,0.0,1.9,0.0,124.0,0.0,-1.3,1.0,141.0,0.0,-3.5,0.0,114.0,0.0,-3.5,0.0,109.0,-1.0,-3.5,0.0,96.0,0.0,4.2,0.0,105.0,0.0,1.8,0.0,67.0,0.0,-3.2,1.0,118.0,0.0,-4.5,0.0,148.0,1.0,-3.5,0.0,91.0,-1.0,1.8,0.0,67.0,0.0,-3.5,0.0,96.0,0.0,-0.7,0.0,93.0,0.0,1.8,0.0,67.0,0.0,1.8,0.0,67.0,0.0,1.8,0.0,67.0,0.0,1.8,0.0,67.0,0.0,-3.2,1.0,118.0,0.0,-0.7,0.0,93.0,0.0,3.8,0.0,124.0,0.0,4.2,0.0,105.0,0.0,-3.9,0.0,135.0,1.0,1.9,0.0,124.0,0.0,-0.7,0.0,93.0,0.0,-4.5,0.0,148.0,1.0,-3.5,0.0,96.0,0.0,1.9,0.0,124.0,0.0,-1.3,1.0,141.0,0.0,-1.6,0.0,90.0,0.0,-0.7,0.0,93.0,0.0,-3.2,1.0,118.0,0.0,9
KLPQLCTEL,HLA-A*02:01,1,21,HPV16,-1.3,1.0,141.0,0.0,2.8,1.0,135.0,0.0,1.8,0.0,67.0,0.0,1.9,0.0,124.0,0.0,-1.3,1.0,141.0,0.0,-3.5,0.0,114.0,0.0,-3.5,0.0,109.0,-1.0,-3.5,0.0,96.0,0.0,4.2,0.0,105.0,0.0,1.8,0.0,67.0,0.0,-3.2,1.0,118.0,0.0,-4.5,0.0,148.0,1.0,-3.5,0.0,91.0,-1.0,1.8,0.0,67.0,0.0,-3.5,0.0,96.0,0.0,-0.7,0.0,93.0,0.0,1.8,0.0,67.0,0.0,1.8,0.0,67.0,0.0,1.8,0.0,67.0,0.0,1.8,0.0,67.0,0.0,-3.2,1.0,118.0,0.0,-0.7,0.0,93.0,0.0,3.8,0.0,124.0,0.0,4.2,0.0,105.0,0.0,-3.9,0.0,135.0,1.0,1.9,0.0,124.0,0.0,-0.7,0.0,93.0,0.0,-4.5,0.0,148.0,1.0,-3.5,0.0,96.0,0.0,1.9,0.0,124.0,0.0,-1.3,1.0,141.0,0.0,-1.6,0.0,90.0,0.0,-0.7,0.0,93.0,0.0,-3.2,1.0,118.0,0.0,9
LLMGTLGIV,HLA-A*02:01,1,11,HPV16,-1.3,1.0,141.0,0.0,2.8,1.0,135.0,0.0,1.8,0.0,67.0,0.0,1.9,0.0,124.0,0.0,-1.3,1.0,141.0,0.0,-3.5,0.0,114.0,0.0,-3.5,0.0,109.0,-1.0,-3.5,0.0,96.0,0.0,4.2,0.0,105.0,0.0,1.8,0.0,67.0,0.0,-3.2,1.0,118.0,0.0,-4.5,0.0,148.0,1.0,-3.5,0.0,91.0,-1.0,1.8,0.0,67.0,0.0,-3.5,0.0,96.0,0.0,-0.7,0.0,93.0,0.0,1.8,0.0,67.0,0.0,1.8,0.0,67.0,0.0,1.8,0.0,67.0,0.0,1.8,0.0,67.0,0.0,-3.2,1.0,118.0,0.0,-0.7,0.0,93.0,0.0,3.8,0.0,124.0,0.0,4.2,0.0,105.0,0.0,-3.9,0.0,135.0,1.0,1.9,0.0,124.0,0.0,-0.7,0.0,93.0,0.0,-4.5,0.0,148.0,1.0,-3.5,0.0,96.0,0.0,1.9,0.0,124.0,0.0,-1.3,1.0,141.0,0.0,-1.6,0.0,90.0,0.0,-0.7,0.0,93.0,0.0,-3.2,1.0,118.0,0.0,9
RAHYNIVTF,HLA-B*07:02,1,1,HPV16,-1.3,1.0,141.0,0.0,2.8,1.0,135.0,0.0,-0.8,0.0,73.0,0.0,1.9,0.0,124.0,0.0,-1.3,1.0,141.0,0.0,-3.5,0.0,114.0,0.0,-3.5,0.0,109.0,-1.0,-3.5,0.0,96.0,0.0,4.2,0.0,105.0,0.0,1.8,0.0,67.0,0.0,-3.2,1.0,118.0,0.0,-4.5,0.0,148.0,1.0,-3.5,0.0,91.0,-1.0,4.2,0.0,105.0,0.0,-3.5,0.0,96.0,0.0,-0.7,0.0,93.0,0.0,1.8,0.0,67.0,0.0,1.8,0.0,67.0,0.0,1.8,0.0,67.0,0.0,1.8,0.0,67.0,0.0,-3.2,1.0,118.0,0.0,-0.7,0.0,93.0,0.0,3.8,0.0,124.0,0.0,4.2,0.0,105.0,0.0,-4.5,0.0,148.0,1.0,1.9,0.0,124.0,0.0,-0.7,0.0,93.0,0.0,-3.9,0.0,135.0,1.0,-3.5,0.0,96.0,0.0,1.9,0.0,124.0,0.0,2.8,1.0,135.0,0.0,-1.6,0.0,90.0,0.0,-0.7,0.0,93.0,0.0,-3.2,1.0,118.0,0.0,9
RAKFKQLL,HLA-A*01:01,1,1,EBV,-1.3,1.0,141.0,0.0,2.8,1.0,135.0,0.0,1.8,0.0,67.0,0.0,1.9,0.0,124.0,0.0,-1.3,1.0,141.0,0.0,-3.5,0.0,114.0,0.0,-3.5,0.0,109.0,-1.0,-3.5,0.0,96.0,0.0,4.2,0.0,105.0,0.0,1.8,0.0,67.0,0.0,-3.2,1.0,118.0,0.0,-4.5,0.0,148.0,1.0,-3.5,0.0,91.0,-1.0,1.8,0.0,67.0,0.0,-3.5,0.0,96.0,0.0,-0.7,0.0,93.0,0.0,1.8,0.0,67.0,0.0,1.8,0.0,67.0,0.0,1.8,0.0,67.0,0.0,1.8,0.0,67.0,0.0,-3.2,1.0,118.0,0.0,-0.7,0.0,93.0,0.0,3.8,0.0,124.0,0.0,4.2,0.0,105.0,0.0,-3.9,0.0,135.0,1.0,1.9,0.0,124.0,0.0,-0.7,0.0,93.0,0.0,-4.5,0.0,148.0,1.0,-3.5,0.0,96.0,0.0,1.9,0.0,124.0,0.0,-1.3,1.0,141.0,0.0,-1.6,0.0,90.0,0.0,-0.7,0.0,93.0,0.0,-3.2,1.0,118.0,0.0,8
RAKFKQLL,HLA-A*02:01,1,7,EBV,-1.3,1.0,141.0,0.0,2.8,1.0,135.0,0.0,1.8,0.0,67.0,0.0,1.9,0.0,124.0,0.0,-1.3,1.0,141.0,0.0,-3.5,0.0,114.0,0.0,-3.5,0.0,109.0,-1.0,-3.5,0.0,96.0,0.0,4.2,0.0,105.0,0.0,1.8,0.0,67.0,0.0,-3.2,1.0,118.0,0.0,-4.5,0.0,148.0,1.0,-3.5,0.0,91.0,-1.0,1.8,0.0,67.0,0.0,-3.5,0.0,96.0,0.0,-0.7,0.0,93.0,0.0,1.8,0.0,67.0,0.0,1.8,0.0,67.0,0.0,1.8,0.0,67.0,0.0,1.8,0.0,67.0,0.0,-3.2,1.0,118.0,0.0,-0.7,0.0,93.0,0.0,3.8,0.0,124.0,0.0,4.2,0.0,105.0,0.0,-3.9,0.0,135.0,1.0,1.9,0.0,124.0,0.0,-0.7,0.0,93.0,0.0,-4.5,0.0,148.0,1.0,-3.5,0.0,96.0,0.0,1.9,0.0,124.0,0.0,-1.3,1.0,141.0,0.0,-1.6,0.0,90.0,0.0,-0.7,0.0,93.0,0.0,-3.2,1.0,118.0,0.0,8
RAKFKQLL,HLA-A*03:01,1,3,EBV,-1.3,1.0,141.0,0.0,2.8,1.0,135.0,0.0,1.8,0.0,67.0,0.0,1.9,0.0,124.0,0.0,-1.3,1.0,141.0,0.0,-3.5,0.0,114.0,0.0,-3.5,0.0,109.0,-1.0,-3.5,0.0,96.0,0.0,4.2,0.0,105.0,0.0,1.8,0.0,67.0,0.0,-3.2,1.0,118.0,0.0,-4.5,0.0,148.0,1.0,-3.5,0.0,91.0,-1.0,1.8,0.0,67.0,0.0,-3.5,0.0,96.0,0.0,-0.7,0.0,93.0,0.0,1.8,0.0,67.0,0.0,1.8,0.0,67.0,0.0,1.8,0.0,67.0,0.0,1.8,0.0,67.0,0.0,-3.2,1.0,118.0,0.0,-0.7,0.0,93.0,0.0,3.8,0.0,124.0,0.0,4.2,0.0,105.0,0.0,-3.9,0.0,135.0,1.0,1.9,0.0,124.0,0.0,-0.7,0.0,93.0,0.0,-4.5,0.0,148.0,1.0,-3.5,0.0,96.0,0.0,1.9,0.0,124.0,0.0,-1.3,1.0,141.0,0.0,-1.6,0.0,90.0,0.0,-0.7,0.0,93.0,0.0,-3.2,1.0,118.0,0.0,8
RAKFKQLL,HLA-B*08:01,1,61,EBV,-1.3,1.0,141.0,0.0,2.8,1.0,135.0,0.0,-0.8,0.0,73.0,0.0,1.9,0.0,124.0,0.0,-1.3,1.0,141.0,0.0,-3.5,0.0,114.0,0.0,-3.5,0.0,109.0,-1.0,-3.5,0.0,96.0,0.0,4.2,0.0,105.0,0.0,1.8,0.0,67.0,0.0,-3.2,1.0,118.0,0.0,-4.5,0.0,148.0,1.0,-3.5,0.0,91.0,-1.0,4.2,0.0,105.0,0.0,-3.5,0.0,96.0,0.0,-0.7,0.0,93.0,0.0,1.8,0.0,67.0,0.0,1.8,0.0,67.0,0.0,1.8,0.0,67.0,0.0,1.8,0.0,67.0,0.0,-3.2,1.0,118.0,0.0,-0.7,0.0,93.0,0.0,3.8,0.0,124.0,0.0,4.2,0.0,105.0,0.0,-4.5,0.0,148.0,1.0,1.9,0.0,124.0,0.0,-0.7,0.0,93.0,0.0,-3.9,0.0,135.0,1.0,-3.5,0.0,96.0,0.0,1.9,0.0,124.0,0.0,2.8,1.0,135.0,0.0,-1.6,0.0,90.0,0.0,-0.7,0.0,93.0,0.0,-3.2,1.0,118.0,0.0,8
RPPIFIRRL,HLA-A*02:01,0,6,EBV,-1.3,1.0,141.0,0.0,2.8,1.0,135.0,0.0,1.8,0.0,67.0,0.0,1.9,0.0,124.0,0.0,-1.3,1.0,141.0,0.0,-3.5,0.0,114.0,0.0,-3.5,0.0,109.0,-1.0,-3.5,0.0,96.0,0.0,4.2,0.0,105.0,0.0,1.8,0.0,67.0,0.0,-3.2,1.0,118.0,0.0,-4.5,0.0,148.0,1.0,-3.5,0.0,91.0,-1.0,1.8,0.0,67.0,0.0,-3.5,0.0,96.0,0.0,-0.7,0.0,93.0,0.0,1.8,0.0,67.0,0.0,1.8,0.0,67.0,0.0,1.8,0.0,67.0,0.0,1.8,0.0,67.0,0.0,-3.2,1.0,118.0,0.0,-0.7,0.0,93.0,0.0,3.8,0.0,124.0,0.0,4.2,0.0,105.0,0.0,-3.9,0.0,135.0,1.0,1.9,0.0,124.0,0.0,-0.7,0.0,93.0,0.0,-4.5,0.0,148.0,1.0,-3.5,0.0,96.0,0.0,1.9,0.0,124.0,0.0,-1.3,1.0,141.0,0.0,-1.6,0.0,90.0,0.0,-0.7,0.0,93.0,0.0,-3.2,1.0,118.0,0.0,9
RPPIFIRRL,HLA-B*07:02,1,87,EBV,-1.3,1.0,141.0,0.0,2.8,1.0,135.0,0.0,-0.8,0.0,73.0,0.0,1.9,0.0,124.0,0.0,-1.3,1.0,141.0,0.0,-3.5,0.0,114.0,0.0,-3.5,0.0,109.0,-1.0,-3.5,0.0,96.0,0.0,4.2,0.0,105.0,0.0,1.8,0.0,67.0,0.0,-3.2,1.0,118.0,0.0,-4.5,0.0,148.0,1.0,-3.5,0.0,91.0,-1.0,4.2,0.0,105.0,0.0,-3.5,0.0,96.0,0.0,-0.7,0.0,93.0,0.0,1.8,0.0,67.0,0.0,1.8,0.0,67.0,0.0,1.8,0.0,67.0,0.0,1.8,0.0,67.0,0.0,-3.2,1.0,118.0,0.0,-0.7,0.0,93.0,0.0,3.8,0.0,124.0,0.0,4.2,0.0,105.0,0.0,-4.5,0.0,148.0,1.0,1.9,0.0,124.0,0.0,-0.7,0.0,93.0,0.0,-3.9,0.0,135.0,1.0,-3.5,0.0,96.0,0.0,1.9,0.0,124.0,0.0,2.8,1.0,135.0,0.0,-1.6,0.0,90.0,0.0,-0.7,0.0,93.0,0.0,-3.2,1.0,118.0,0.0,9
RPPIFIRRL,HLA-B*27:05,1,8,EBV,-1.3,1.0,141.0,0.0,2.8,1.0,135.0,0.0,-0.8,0.0,73.0,0.0,1.9,0.0,124.0,0.0,-1.3,1.0,141.0,0.0,-3.5,0.0,114.0,0.0,-3.5,0.0,109.0,-1.0,-3.5,0.0,96.0,0.0,4.2,0.0,105.0,0.0,1.8,0.0,67.0,0.0,-3.2,1.0,118.0,0.0,-4.5,0.0,148.0,1.0,-3.5,0.0,91.0,-1.0,4.2,0.0,105.0,0.0,-3.5,0.0,96.0,0.0,-0.7,0.0,93.0,0.0,1.8,0.0,67.0,0.0,1.8,0.0,67.0,0.0,1.8,0.0,67.0,0.0,1.8,0.0,67.0,0.0,-3.2,1.0,118.0,0.0,-0.7,0.0,93.0,0.0,3.8,0.0,124.0,0.0,4.2,0.0,105.0,0.0,-4.5,0.0,148.0,1.0,1.9,0.0,124.0,0.0,-0.7,0.0,93.0,0.0,-3.9,0.0,135.0,1.0,-3.5,0.0,96.0,0.0,1.9,0.0,124.0,0.0,2.8,1.0,135.0,0.0,-1.6,0.0,90.0,0.0,-0.7,0.0,93.0,0.0,-3.2,1.0,118.0,0.0,9
TIHDIILECV,HLA-A*02:01,1,31,HPV16,-1.3,1.0,141.0,0.0,2.8,1.0,135.0,0.0,1.8,0.0,67.0,0.0,1.9,0.0,124.0,0.0,-1.3,1.0,141.0,0.0,-3.5,0.0,114.0,0.0,-3.5,0.0,109.0,-1.0,-3.5,0.0,96.0,0.0,4.2,0.0,105.0,0.0,1.8,0.0,67.0,0.0,-3.2,1.0,118.0,0.0,-4.5,0.0,148.0,1.0,-3.5,0.0,91.0,-1.0,1.8,0.0,67.0,0.0,-3.5,0.0,96.0,0.0,-0.7,0.0,93.0,0.0,1.8,0.0,67.0,0.0,1.8,0.0,67.0,0.0,1.8,0.0,67.0,0.0,1.8,0.0,67.0,0.0,-3.2,1.0,118.0,0.0,-0.7,0.0,93.0,0.0,3.8,0.0,124.0,0.0,4.2,0.0,105.0,0.0,-3.9,0.0,135.0,1.0,1.9,0.0,124.0,0.0,-0.7,0.0,93.0,0.0,-4.5,0.0,148.0,1.0,-3.5,0.0,96.0,0.0,1.9,0.0,124.0,0.0,-1.3,1.0,141.0,0.0,-1.6,0.0,90.0,0.0,-0.7,0.0,93.0,0.0,-3.2,1.0,118.0,0.0,10
TYSAGIVQI,HLA-A*02:01,0,1,EBV,-1.3,1.0,141.0,0.0,2.8,1.0,135.0,0.0,1.8,0.0,67.0,0.0,1.9,0.0,124.0,0.0,-1.3,1.0,141.0,0.0,-3.5,0.0,114.0,0.0,-3.5,0.0,109.0,-1.0,-3.5,0.0,96.0,0.0,4.2,0.0,105.0,0.0,1.8,0.0,67.0,0.0,-3.2,1.0,118.0,0.0,-4.5,0.0,148.0,1.0,-3.5,0.0,91.0,-1.0,1.8,0.0,67.0,0.0,-3.5,0.0,96.0,0.0,-0.7,0.0,93.0,0.0,1.8,0.0,67.0,0.0,1.8,0.0,67.0,0.0,1.8,0.0,67.0,0.0,1.8,0.0,67.0,0.0,-3.2,1.0,118.0,0.0,-0.7,0.0,93.0,0.0,3.8,0.0,124.0,0.0,4.2,0.0,105.0,0.0,-3.9,0.0,135.0,1.0,1.9,0.0,124.0,0.0,-0.7,0.0,93.0,0.0,-4.5,0.0,148.0,1.0,-3.5,0.0,96.0,0.0,1.9,0.0,124.0,0.0,-1.3,1.0,141.0,0.0,-1.6,0.0,90.0,0.0,-0.7,0.0,93.0,0.0,-3.2,1.0,118.0,0.0,9
TYSAGIVQI,HLA-A*24:02,1,6,EBV,-1.3,1.0,141.0,0.0,2.8,1.0,135.0,0.0,1.8,0.0,67.0,0.0,1.9,0.0,124.0,0.0,-1.3,1.0,141.0,0.0,-3.5,0.0,114.0,0.0,-3.5,0.0,109.0,-1.0,-3.5,0.0,96.0,0.0,4.2,0.0,105.0,0.0,1.8,0.0,67.0,0.0,-3.2,1.0,118.0,0.0,-4.5,0.0,148.0,1.0,-3.5,0.0,91.0,-1.0,1.8,0.0,67.0,0.0,-3.5,0.0,96.0,0.0,-0.7,0.0,93.0,0.0,1.8,0.0,67.0,0.0,1.8,0.0,67.0,0.0,1.8,0.0,67.0,0.0,1.8,0.0,67.0,0.0,-3.2,1.0,118.0,0.0,-0.7,0.0,93.0,0.0,3.8,0.0,124.0,0.0,4.2,0.0,105.0,0.0,-3.9,0.0,135.0,1.0,1.9,0.0,124.0,0.0,-0.7,0.0,93.0,0.0,-4.5,0.0,148.0,1.0,-3.5,0.0,96.0,0.0,1.9,0.0,124.0,0.0,-1.3,1.0,141.0,0.0,-1.6,0.0,90.0,0.0,-0.7,0.0,93.0,0.0,-3.2,1.0,118.0,0.0,9
YMLDLQPET,HLA-A*02:01,1,50,HPV16,-1.3,1.0,141.0,0.0,2.8,1.0,135.0,0.0,1.8,0.0,67.0,0.0,1.9,0.0,124.0,0.0,-1.3,1.0,141.0,0.0,-3.5,0.0,114.0,0.0,-3.5,0.0,109.0,-1.0,-3.5,0.0,96.0,0.0,4.2,0.0,105.0,0.0,1.8,0.0,67.0,0.0,-3.2,1.0,118.0,0.0,-4.5,0.0,148.0,1.0,-3.5,0.0,91.0,-1.0,1.8,0.0,67.0,0.0,-3.5,0.0,96.0,0.0,-0.7,0.0,93.0,0.0,1.8,0.0,67.0,0.0,1.8,0.0,67.0,0.0,1.8,0.0,67.0,0.0,1.8,0.0,67.0,0.0,-3.2,1.0,118.0,0.0,-0.7,0.0,93.0,0.0,3.8,0.0,124.0,0.0,4.2,0.0,105.0,0.0,-3.9,0.0,135.0,1.0,1.9,0.0,124.0,0.0,-0.7,0.0,93.0,0.0,-4.5,0.0,148.0,1.0,-3.5,0.0,96.0,0.0,1.9,0.0,124.0,0.0,-1.3,1.0,141.0,0.0,-1.6,0.0,90.0,0.0,-0.7,0.0,93.0,0.0,-3.2,1.0,118.0,0.0,9
YVLDHLIVV,HLA-A*02:01,1,68,EBV,-1.3,1.0,141.0,0.0,2.8,1.0,135.0,0.0,1.8,0.0,67.0,0.0,1.9,0.0,124.0,0.0,-1.3,1.0,141.0,0.0,-3.5,0.0,114.0,0.0,-3.5,0.0,109.0,-1.0,-3.5,0.0,96.0,0.0,4.2,0.0,105.0,0.0,1.8,0.0,67.0,0.0,-3.2,1.0,118.0,0.0,-4.5,0.0,148.0,1.0,-3.5,0.0,91.0,-1.0,1.8,0.0,67.0,0.0,-3.5,0.0,96.0,0.0,-0.7,0.0,93.0,0.0,1.8,0.0,67.0,0.0,1.8,0.0,67.0,0.0,1.8,0.0,67.0,0.0,1.8,0.0,67.0,0.0,-3.2,1.0,118.0,0.0,-0.7,0.0,93.0,0.0,3.8,0.0,124.0,0.0,4.2,0.0,105.0,0.0,-3.9,0.0,135.0,1.0,1.9,0.0,124.0,0.0,-0.7,0.0,93.0,0.0,-4.5,0.0,148.0,1.0,-3.5,0.0,96.0,0.0,1.9,0.0,124.0,0.0,-1.3,1.0,141.0,0.0,-1.6,0.0,90.0,0.0,-0.7,0.0,93.0,0.0,-3.2,1.0,118.0,0.0,9
