population,scope,virus,model,n,n_pos,n_neg,covered_pos,covered_neg,uncovered_pos,uncovered_neg,pooled_auc_roc,within_coverage_auc_roc,cross_coverage_delta_auc_roc,coverage_is_degenerate
def_a,overall,ALL,mode31,9854,8003,1851,6379,1851,1624,0,0.6015098471,0.6155729111,-0.01406306405,False
def_a,overall,ALL,mode10,9854,8003,1851,6379,1851,1624,0,0.6663781471,0.5941365039,0.07224164317,False
def_a,virus,CMV,mode31,1012,740,272,740,272,0,0,0.6932730525,0.6932730525,0,True
def_a,virus,CMV,mode10,1012,740,272,740,272,0,0,0.6685959857,0.6685959857,0,True
def_a,virus,DENV,mode31,818,806,12,806,12,0,0,0.4375516956,0.4375516956,0,True
def_a,virus,DENV,mode10,818,806,12,806,12,0,0,0.504445823,0.504445823,0,True
def_a,virus,EBV,mode31,347,287,60,287,60,0,0,0.6025261324,0.6025261324,0,True
def_a,virus,EBV,mode10,347,287,60,287,60,0,0,0.6422183508,0.6422183508,0,True
def_a,virus,HBV,mode31,554,325,229,325,229,0,0,0.6556130333,0.6556130333,0,True
def_a,virus,HBV,mode10,554,325,229,325,229,0,0,0.6320120927,0.6320120927,0,True
def_a,virus,HCV,mode31,585,333,252,333,252,0,0,0.5486021736,0.5486021736,0,True
def_a,virus,HCV,mode10,585,333,252,333,252,0,0,0.5487272987,0.5487272987,0,True
def_a,virus,HIV-1,mode31,2565,2516,49,892,49,1624,0,0.4319781967,0.5141964858,-0.08221828909,False
def_a,virus,HIV-1,mode10,2565,2516,49,892,49,1624,0,0.7385994939,0.5323167384,0.2062827555,False
def_a,virus,HPV,mode31,254,181,73,181,73,0,0,0.5492318171,0.5492318171,0,True
def_a,virus,HPV,mode10,254,181,73,181,73,0,0,0.5498372815,0.5498372815,0,True
def_a,virus,IAV,mode31,368,342,26,342,26,0,0,0.5150697256,0.5150697256,0,True
def_a,virus,IAV,mode10,368,342,26,342,26,0,0,0.3796671165,0.3796671165,0,True
def_a,virus,SARS-CoV-2,mode31,3351,2473,878,2473,878,0,0,0.5923721062,0.5923721062,0,True
def_a,virus,SARS-CoV-2,mode10,3351,2473,878,2473,878,0,0,0.5569181327,0.5569181327,0,True
def_b,overall,ALL,mode31,10204,8003,2201,6379,2201,1624,0,0.5922144541,0.6061313392,-0.0139168851,False
def_b,overall,ALL,mode10,10204,8003,2201,6379,2201,1624,0,0.656480024,0.5830513984,0.07342862557,False
def_b,virus,CMV,mode31,1012,740,272,740,272,0,0,0.6932730525,0.6932730525,0,True
def_b,virus,CMV,mode10,1012,740,272,740,272,0,0,0.6685959857,0.6685959857,0,True
def_b,virus,DENV,mode31,818,806,12,806,12,0,0,0.4375516956,0.4375516956,0,True
def_b,virus,DENV,mode10,818,806,12,806,12,0,0,0.504445823,0.504445823,0,True
def_b,virus,EBV,mode31,359,287,72,287,72,0,0,0.5556523422,0.5556523422,0,True
def_b,virus,EBV,mode10,359,287,72,287,72,0,0,0.5929152149,0.5929152149,0,True
def_b,virus,HBV,mode31,554,325,229,325,229,0,0,0.6556130333,0.6556130333,0,True
def_b,virus,HBV,mode10,554,325,229,325,229,0,0,0.6320120927,0.6320120927,0,True
def_b,virus,HCV,mode31,653,333,320,333,320,0,0,0.5482451201,0.5482451201,0,True
def_b,virus,HCV,mode10,653,333,320,333,320,0,0,0.5414226727,0.5414226727,0,True
def_b,virus,HIV-1,mode31,2576,2516,60,892,60,1624,0,0.4315547165,0.5168068012,-0.08525208471,False
def_b,virus,HIV-1,mode10,2576,2516,60,892,60,1624,0,0.7332505299,0.5284846786,0.2047658513,False
def_b,virus,HPV,mode31,318,181,137,181,137,0,0,0.4820139533,0.4820139533,0,True
def_b,virus,HPV,mode10,318,181,137,181,137,0,0,0.5108884139,0.5108884139,0,True
def_b,virus,IAV,mode31,461,342,119,342,119,0,0,0.5687011647,0.5687011647,0,True
def_b,virus,IAV,mode10,461,342,119,342,119,0,0,0.505503956,0.505503956,0,True
def_b,virus,SARS-CoV-2,mode31,3453,2473,980,2473,980,0,0,0.5850039611,0.5850039611,0,True
def_b,virus,SARS-CoV-2,mode10,3453,2473,980,2473,980,0,0,0.5430842899,0.5430842899,0,True
pooled,overall,ALL,mode31,35555,8021,27534,6397,24640,1624,2894,0.8135971718,0.8275214818,-0.01392430996,False
pooled,overall,ALL,mode10,35555,8021,27534,6397,24640,1624,2894,0.7619123973,0.7810886509,-0.01917625356,False
pooled,virus,CMV,mode31,1312,740,572,740,293,0,279,0.742997543,0.691894198,0.05110334505,False
pooled,virus,CMV,mode10,1312,740,572,740,293,0,279,0.4098917974,0.6663868647,-0.2564950673,False
pooled,virus,CoxsackievirusB,mode31,54,2,52,2,52,0,0,0.5576923077,0.5576923077,0,True
pooled,virus,CoxsackievirusB,mode10,54,2,52,2,52,0,0,0.875,0.875,0,True
pooled,virus,DENV,mode31,1818,806,1012,806,33,0,979,0.8051980453,0.5331227912,0.2720752541,False
pooled,virus,DENV,mode10,1818,806,1012,806,33,0,979,0.1487754882,0.4939469133,-0.3451714251,False
pooled,virus,EBV,mode31,659,287,372,287,82,0,290,0.7112509835,0.5642899635,0.14696102,False
pooled,virus,EBV,mode10,659,287,372,287,82,0,290,0.2150818628,0.6051669924,-0.3900851296,False
pooled,virus,HBV,mode31,554,325,229,325,229,0,0,0.6556130333,0.6556130333,0,True
pooled,virus,HBV,mode10,554,325,229,325,229,0,0,0.6320120927,0.6320120927,0,True
pooled,virus,HCV,mode31,653,333,320,333,320,0,0,0.5482451201,0.5482451201,0,True
pooled,virus,HCV,mode10,653,333,320,333,320,0,0,0.5414226727,0.5414226727,0,True
pooled,virus,HIV-1,mode31,3269,2516,753,892,60,1624,693,0.6627483178,0.6292800725,0.03346824533,False
pooled,virus,HIV-1,mode10,3269,2516,753,892,60,1624,693,0.4000064923,0.4672230082,-0.06721651592,False
pooled,virus,HPV,mode31,318,181,137,181,137,0,0,0.4820139533,0.4820139533,0,True
pooled,virus,HPV,mode10,318,181,137,181,137,0,0,0.5108884139,0.5108884139,0,True
pooled,virus,IAV,mode31,906,342,564,342,140,0,424,0.6966452034,0.5851294904,0.111515713,False
pooled,virus,IAV,mode10,906,342,564,342,140,0,424,0.1595122558,0.5203007519,-0.3607884961,False
pooled,virus,RSV,mode31,120,15,105,15,105,0,0,0.4946031746,0.4946031746,0,True
pooled,virus,RSV,mode10,120,15,105,15,105,0,0,0.3387301587,0.3387301587,0,True
pooled,virus,SARS-CoV-2,mode31,3827,2473,1354,2473,1125,0,229,0.6159207775,0.5872345779,0.0286861996,False
pooled,virus,SARS-CoV-2,mode10,3827,2473,1354,2473,1125,0,229,0.4694425049,0.5512685447,-0.08182603983,False
pooled,virus,YFV,mode31,229,1,228,1,228,0,0,0.8201754386,0.8201754386,0,True
pooled,virus,YFV,mode10,229,1,228,1,228,0,0,0.9605263158,0.9605263158,0,True
