arm,description,backend,variant_seed,model_seed,training_rows,feature_count,fold_auc_pr,fold_auc_roc,pooled_auc_pr,pooled_auc_roc,gain_vs_A_auc_pr,gain_retained_vs_B,matrix_equal_B,runtime_seconds
A,mode 50,rf,,42,35555,50,"[0.6272545932697267,0.6121834558632294,0.6131768256624344,0.6255280710006172,0.60130606990067]","[0.8230965170347798,0.8160878790912953,0.8173515469061876,0.8120331567701953,0.8193438149087868]",0.6147969923,0.8172812796,0,0,,4.932890418
A,mode 50,xgb,,42,35555,50,"[0.575611068203884,0.5679177693293076,0.5684580128311316,0.5837863828730698,0.5705033403960003]","[0.8150056611050975,0.8062467083807807,0.8093056500635093,0.819051004238194,0.8152347744876821]",0.5723373955,0.8129828052,0,0,,11.4617275
B,mode 51 as shipped,rf,,42,35555,55,"[0.7421396943946651,0.727874763635895,0.727972291852557,0.7238038234466465,0.726701971308666]","[0.8710617993604818,0.8681052209394218,0.867571901651243,0.8617397520424657,0.868177302385156]",0.7296159956,0.8672611474,0.1148190033,1,True,4.887199536
B,mode 51 as shipped,xgb,,42,35555,55,"[0.7157345097978762,0.7028378251549366,0.6845040042751838,0.7005807186246709,0.6939702433911201]","[0.8643537008696951,0.8568152003652105,0.8598741721103249,0.8570930083938184,0.8544266603741282]",0.6997016747,0.8584877282,0.1273642792,1,True,12.09550867
C,mode 50 plus panel-allele one-hot and other,rf,,42,35555,61,"[0.7429627214078315,0.7264880267393068,0.7221071029396257,0.7268272882976349,0.7279092011333959]","[0.8718825182133757,0.871575513916867,0.8662065074396661,0.8643176756554384,0.8700252071419707]",0.7290406745,0.868728436,0.1142436822,0.9949893215,,4.815528486
C,mode 50 plus panel-allele one-hot and other,xgb,,42,35555,61,"[0.7240769481915331,0.7051660946103357,0.6881304392636777,0.7002820079405448,0.7087598284028386]","[0.8607960837142279,0.8567186933424298,0.8580196992378878,0.8563867558417967,0.8618520217799128]",0.7056743207,0.8588098289,0.1333369252,1.0468942,,11.9453159
D,mode 50 plus integer allele code,rf,,42,35555,51,"[0.7344777752214204,0.7147144539698895,0.708963714852064,0.7208660100058752,0.7142812535471421]","[0.8673484311217132,0.8623326754337584,0.8626324623480311,0.8607839244974851,0.8670260984842653]",0.7184650751,0.8639195636,0.1036680828,0.9028826226,,5.019620477
D,mode 50 plus integer allele code,xgb,,42,35555,51,"[0.7272153113370982,0.7095430360857572,0.687021585300564,0.7000091260345485,0.7077119355312018]","[0.8655170834167512,0.860111429972728,0.8560892419706043,0.8496523595101475,0.8559720726335269]",0.706457418,0.8575154765,0.1341200225,1.053042684,,13.27817827
E,mode 50 plus repo HLA-supertype one-hot,rf,,42,35555,60,"[0.7412970141709441,0.7264267338458991,0.719713973727988,0.7249666639969008,0.7281897125250166]","[0.8711992833414206,0.8679114714945069,0.8658418390491743,0.8611567882927667,0.8719097982432222]",0.727976683,0.8675851226,0.1131796907,0.9857226369,,5.633117814
E,mode 50 plus repo HLA-supertype one-hot,xgb,,42,35555,60,"[0.7258401609468949,0.7064473078083235,0.6960541096449832,0.7007455569754897,0.699700441035203]","[0.86593287207486,0.8513658911597644,0.8608713822355291,0.8541445962744161,0.8535990096498673]",0.7058824958,0.857212545,0.1335451003,1.048528686,,15.17499241
F,mode 51 with weights permuted across alleles,rf,7,42,35555,55,"[0.747610602555694,0.7272755372339713,0.7281775497800845,0.7260574390309366,0.7325533040568175]","[0.8720805720600427,0.8666727761382144,0.8666471035202323,0.863541578300266,0.8741713302106158]",0.7321695874,0.8685119114,0.1173725951,1.02224015,,5.406935807
F,mode 51 with weights permuted across alleles,xgb,7,42,35555,55,"[0.7071547377165719,0.7053015093808566,0.6955472496881439,0.7030843297622755,0.7067628538920319]","[0.8593333582173117,0.8537040085487346,0.8628947219197968,0.8502051797132235,0.8582927669927978]",0.7039000521,0.8568491471,0.1315626566,1.032963539,,13.14141192
F,mode 51 with weights permuted across alleles,rf,42,42,35555,55,"[0.7445573052452183,0.7281835327420207,0.725449859007772,0.7258657251790042,0.7266788570354894]","[0.871661842568117,0.8678833000423704,0.8680372210125203,0.859265888703013,0.8697566834819961]",0.7299855289,0.8672275658,0.1151885366,1.003218399,,4.943889576
F,mode 51 with weights permuted across alleles,xgb,42,42,35555,55,"[0.718681147809826,0.7055927227578198,0.6888084720592842,0.7053490651042271,0.7080204614017517]","[0.8637200642911517,0.8553537921433327,0.8554510297586645,0.8574484534041849,0.8605870222735931]",0.7051674914,0.8585033995,0.1328300959,1.042914832,,11.92597258
F,mode 51 with weights permuted across alleles,rf,99,42,35555,55,"[0.7422032211363824,0.7247915843352452,0.7254199269537503,0.7273591107764577,0.7285023465731766]","[0.8685208623882059,0.866641380242761,0.8654896457085828,0.8622130566234931,0.8738587036766964]",0.7293584925,0.8671899204,0.1145615002,0.9977573127,,4.888256428
F,mode 51 with weights permuted across alleles,xgb,99,42,35555,55,"[0.7227040908834189,0.7074887041664958,0.6891558896146652,0.6938806054495226,0.6990182264812034]","[0.862164589420011,0.857459749613491,0.8511552463255307,0.8512986609026323,0.8553471026393333]",0.7021861116,0.8554381432,0.1298487161,1.019506544,,10.85279061
F,mode 51 with weights permuted across alleles,rf,123,42,35555,55,"[0.7436853033412925,0.7248546541356145,0.7247586355884706,0.725181110109179,0.7249982758411966]","[0.8717992699945594,0.8683350615218127,0.8654776810016331,0.8635196351556322,0.8704955056963476]",0.7286300798,0.8679276965,0.1138330875,0.9914133049,,4.746413658
F,mode 51 with weights permuted across alleles,xgb,123,42,35555,55,"[0.7149330963144088,0.7039003531320679,0.6845767424457772,0.6944422210200504,0.7004859896373726]","[0.8617457468190923,0.8587222605949834,0.855328887679187,0.8530923433129397,0.8534417905472426]",0.699684421,0.8564574087,0.1273470255,0.9998645323,,10.38569536
F,mode 51 with weights permuted across alleles,rf,1337,42,35555,55,"[0.7480603202750922,0.7267848122716566,0.727932235318842,0.7273627582141036,0.7311057261203348]","[0.8734059832395095,0.8688919285395478,0.8652162152966794,0.8655373299264904,0.8738457389037394]",0.7320690156,0.8692748991,0.1172720233,1.021364234,,4.762432357
F,mode 51 with weights permuted across alleles,xgb,1337,42,35555,55,"[0.7243340500567559,0.694503401586936,0.6986013200668565,0.6921214779795135,0.7046357308320922]","[0.870299953738422,0.8549485305306699,0.8631490995282163,0.8497894476096112,0.8566164048650622]",0.702989844,0.8588954571,0.1306524485,1.025817045,,3.272666539
F,mode 51 with weights permuted across alleles,rf,2026,42,35555,55,"[0.7446337630688115,0.7290084416879038,0.7310910715547222,0.727867412441485,0.7251241786233825]","[0.8713436669709298,0.8687644216055804,0.869508483033932,0.861615784586185,0.8669321180340105]",0.7313147212,0.8675636239,0.1165177289,1.014794813,,4.744277519
F,mode 51 with weights permuted across alleles,xgb,2026,42,35555,55,"[0.7209781086318027,0.7084968566260909,0.6972674978326954,0.6966969306014102,0.7048890470355353]","[0.86397880111254,0.8619800797286037,0.8648890287606605,0.8541861072748311,0.8560416521355528]",0.705826259,0.8601571946,0.1334888635,1.048087143,,3.422869577
G,mode 51 with rows shuffled within allele,rf,42,42,35555,55,"[0.7421396943946651,0.727874763635895,0.727972291852557,0.7238038234466465,0.726701971308666]","[0.8710617993604818,0.8681052209394218,0.867571901651243,0.8617397520424657,0.868177302385156]",0.7296159956,0.8672611474,0.1148190033,1,True,4.685418169
G,mode 51 with rows shuffled within allele,xgb,42,42,35555,55,"[0.7157345097978762,0.7028378251549366,0.6845040042751838,0.7005807186246709,0.6939702433911201]","[0.8643537008696951,0.8568152003652105,0.8598741721103249,0.8570930083938184,0.8544266603741282]",0.6997016747,0.8584877282,0.1273642792,1,True,2.74930285
H,mode 50 plus per-allele positive rate (held-out rows: training-fold rate; training rows: leave-one-out rate that leaks their own label),rf,,42,35555,51,"[0.7782852135614327,0.7757356968337115,0.7644894807516357,0.7741171498670563,0.7849804425021735]","[0.894966084268462,0.9002153588720557,0.8953233873162766,0.8980296978971907,0.9073283690519434]",0.7755064526,0.8991093325,0.1607094603,1.399676497,,4.533457391
H,mode 50 plus per-allele positive rate (held-out rows: training-fold rate; training rows: leave-one-out rate that leaks their own label),xgb,,42,35555,51,"[0.5629636696068823,0.5587101447647698,0.5310750943988556,0.5511323868333262,0.5508168973281596]","[0.7750465726278499,0.7839810221711592,0.7636608033932135,0.7862590105451513,0.7773941689546566]",0.5503177665,0.7768465622,-0.022019629,-0.1728870068,,4.483861318
