peptide,label,mc_mean,mc_std,high_confidence
AAFDRKSDAK,1,0.81676275,0.11473871,False
AARDRFPGL,1,0.92052406,0.05978907,True
AARQRLQDI,1,0.5794921,0.13078877,False
AASYARYVL,1,0.81408834,0.096980445,False
ADRPRAWRL,0,0.6441163,0.13715065,False
AEGGVGWRHW,1,0.9072018,0.07933552,True
AEMQNPVYL,1,0.94436806,0.033292804,True
AENAGNDAC,1,0.53055716,0.1322558,False
AFLGERVTL,1,0.95082563,0.039472997,True
AFRDLCIVY,1,0.6514881,0.08841742,False
AGNDGGPPQ,1,0.37257525,0.08471894,False
AHYNIVTFC,0,0.36170533,0.11165449,False
AHYNIVTFCC,1,0.24174665,0.0931416,False
AILDINNTV,1,0.8683679,0.053471282,True
ALAIPQCRL,1,0.38314548,0.11380204,False
ALAVLSKCY,1,0.48524022,0.111499876,False
ALDGNLVSMDV,1,0.5222328,0.07406902,False
ALLTLAAAL,0,0.79750717,0.070767134,True
ALLVLYSFA,1,0.6693194,0.11769276,False
ALLVLYSFAL,1,0.4371733,0.124351636,False
ALMPYMPPA,1,0.9101905,0.046735566,True
ALQAIELQL,1,0.7598383,0.09766367,False
ALRLATVGY,1,0.9246399,0.043027584,True
ALWNLHGQA,1,0.7686849,0.07960798,True
ALYEASTTY,1,0.99399954,0.011906014,True
ALYLQQNWW,1,0.21670689,0.08759461,False
AMFQDPQER,1,0.8958811,0.059455477,True
AMQLSPRAL,1,0.79140633,0.062397607,True
AMSAARSSR,1,0.7780574,0.060568847,True
AMSIEAARL,1,0.45820743,0.15801083,False
APENAYQAY,1,0.95111346,0.031826757,True
APGWLIWTY,1,0.6991476,0.114585415,False
APIFYPPVL,1,0.96851057,0.05597175,True
APKTPDACL,1,0.97178465,0.030649101,True
APQPAPENAY,1,0.9125388,0.043734174,True
APRAWISSL,1,0.982845,0.016601171,True
APRLPDDPI,1,0.58169144,0.11781131,False
APRQWPMPL,1,0.9168602,0.046470877,True
APVPPPEPL,1,0.9246136,0.042217784,True
AQAWNAGFL,1,0.28112045,0.11597522,False
AQIFNKPYWL,1,0.4262167,0.1355873,False
AQLEPWQPL,1,0.72918725,0.094443835,False
AQPAPQAPY,1,0.45674038,0.08052925,False
AQRAAGPSV,1,0.8150098,0.077516526,True
ARCSQATAEA,0,0.23224735,0.078878544,False
AREAEVRFLR,0,0.18058339,0.09017893,False
ARNIRDAACR,0,0.102106,0.06373976,False
ARPRIMAPPV,0,0.21185869,0.06856708,False
ARQRLQDIRR,0,0.22131966,0.12965438,False
ARRGIKEHVI,0,0.17072107,0.07576532,False
ARTLNTFSAT,0,0.20446028,0.0550296,False
ARYAYYLQF,1,0.90771055,0.050801337,True
ASDDYDRLY,1,0.92956245,0.051719498,True
ASDYSQGAF,1,0.513077,0.081831455,False
ATEEEEEAV,1,0.4589274,0.16057526,False
ATGMVPAVKK,1,0.94667035,0.035337932,True
ATIGTAMYK,1,0.9774827,0.021240512,True
ATLNICNFW,1,0.50598556,0.13826413,False
ATSVLLSAY,1,0.95089036,0.045385037,True
ATVKGMQSY,1,0.98772883,0.015562763,True
AVCDKCLK,1,0.30301023,0.11240346,False
AVCDKCLKFY,1,0.77138877,0.115116216,False
AVFDRKSVAK,1,0.97065836,0.023236284,True
AVFNRKSDAK,1,0.90139765,0.054918997,True
AVLLHEESL,1,0.65438837,0.0929042,False
AVLLHEESM,1,0.5696508,0.12930122,False
AVSFRNLAY,1,0.9519086,0.038689267,True
AVYGTDLAWVL,1,0.448069,0.13807233,False
AYAEATSSL,1,0.9512708,0.032784786,True
AYQAYAAPQL,1,0.89402944,0.047586422,True
AYRRRWRRL,1,0.5131236,0.20461568,False
AYSSWMYSY,1,0.9733833,0.021529745,True
CCKCDSTL,1,0.47140902,0.12011193,False
CCKCDSTLRLC,1,0.4324482,0.12233972,False
CDSTLRLCV,1,0.3168609,0.098176785,False
CDSTLRLCVQ,0,0.2896724,0.093396254,False
CELSSHGDL,1,0.41619864,0.089162104,False
CLGGLITMV,1,0.78928834,0.06571615,True
CLGGLLTML,1,0.63086677,0.091914915,False
CLGGLLTMN,1,0.30902144,0.10576255,False
CLGGLLTMVA,1,0.39502007,0.108691156,False
CLGGLLTMVAG,1,0.3819977,0.12057176,False
CLGGLLYMV,1,0.77963305,0.09869232,False
CLGLLTMV,1,0.42208454,0.13871078,False
CLLIRPLLL,0,0.8047025,0.08735782,False
CMMIEPPKL,1,0.8226161,0.076960966,True
CPEEKQRHL,1,0.6873907,0.1273084,False
CPLSKILL,1,0.8402956,0.074812315,True
CQATSQYYF,1,0.45987597,0.11411311,False
CRAKFKHLL,1,0.61726916,0.15349112,False
CRAKFKQLL,1,0.63500386,0.12619811,False
CRAVKQSHLQ,0,0.09193804,0.06253035,False
CSDAFYPFY,1,0.88374186,0.09468632,False
CSSCPLSK,1,0.5155722,0.10764826,False
CVLLCVCLL,0,0.21028131,0.08177171,False
CVQSTHVDI,0,0.27279672,0.08118287,False
CVQSTHVDIR,0,0.32801569,0.0996506,False
CVYCKQQLL,0,0.2048798,0.07130965,False
CVYCKQQLLR,1,0.23978883,0.08633829,False
CYDHAQTHL,1,0.9575143,0.035370503,True
CYENDNPGL,1,0.5457076,0.10491126,False
CYSLYGTTL,1,0.921353,0.052314237,True
CYSVYGTTL,1,0.9283131,0.04549728,True
DEVEFLGHY,1,0.9722171,0.035267945,True
DHEGFACLTVE,1,0.6232872,0.12836076,False
DIILECVYCK,1,0.28042302,0.11013179,False
DIRTLEDL,1,0.4249234,0.11354994,False
DIRTLEDLL,0,0.2969129,0.13175882,False
DKKQRFHNI,0,0.67638046,0.13620536,False
DLLMGTLGIV,1,0.27737567,0.079553425,False
DLLMGTLGIVC,1,0.41024315,0.094504476,False
DLQPETTDL,1,0.3930164,0.06736387,False
DLYCYEQL,0,0.53676647,0.12514302,False
DLYCYEQLND,1,0.47762245,0.13306332,False
DPYQVPFVQAF,1,0.836669,0.06596756,True
DRSDKAEAQS,0,0.14735563,0.06363067,False
DSAPILTAF,1,0.95137346,0.03276217,True
DSIMLTATF,1,0.65391713,0.11739109,False
DSNSNEGRH,1,0.34578803,0.14129125,False
DSTLRLCVQ,0,0.1219732,0.07429002,False
DSTLRLCVQS,0,0.119169585,0.066799365,False
DTPLIPLTIF,1,0.19408016,0.07298573,False
DTRAIDQFF,1,0.73580986,0.12147009,False
DVMTYIHSM,1,0.98210746,0.029317908,True
DYCNVKNKEF,1,0.8838427,0.058178734,True
DYCNVLNKEF,1,0.8658545,0.07388205,True
DYDASTESEL,1,0.4167679,0.06888722,False
DYMAIHRSL,1,0.98162246,0.019442523,True
DYNFVKQLF,1,0.92441005,0.051907174,True
DYSQGAFTPL,1,0.47272342,0.089184605,False
EDLLMGTLGIV,1,0.19509417,0.08516525,False
EEAPAAVSF,1,0.96753263,0.032942764,True
EENLLDFVRF,1,0.88673216,0.08010688,True
EENLLDFVRFM,1,0.54448396,0.13655822,False
EENLLDVFRM,1,0.5340223,0.19277528,False
EFVKLTMEY,1,0.69481003,0.09660705,False
EGGVGWRHW,1,0.6906593,0.11660153,False
EIDGPAGQA,1,0.39828032,0.10748494,False
ELQTTIHDI,1,0.2875556,0.084394775,False
EPDRAHYNIV,1,0.5085568,0.13898864,False
EPLPQGQLTAY,1,0.8621088,0.07962282,True
EPRVQLVPL,1,0.83346885,0.06598303,True
EPRYTYWQL,1,0.86004144,0.07945266,True
EQKRAAQRA,1,0.28630814,0.1412963,False
ERGDNVQTTG,0,0.30710706,0.08037361,False
ERLVPEESYS,0,0.27764106,0.10293473,False
ERPGPSEQSS,0,0.3770685,0.102493964,False
ERQLPQSTGR,0,0.25651345,0.07970568,False
ERYAREAEVR,0,0.122153066,0.06729641,False
ESDMEVFDY,1,0.50266635,0.100382514,False
ESDSNSNEG,1,0.30357507,0.07138039,False
ESEERPPTPY,1,0.31783396,0.108851016,False
ETATSLAHV,1,0.50695735,0.06805084,False
ETDQMDTIY,1,0.6642213,0.12245493,False
ETFTETWNR,1,0.96891516,0.029544426,True
ETIEKLLSKL,1,0.4673159,0.11705191,False
ETTDLYCY,1,0.6295837,0.12760638,False
ETVADWKRRL,1,0.70083517,0.126435,False
EVCQATSQY,1,0.9154995,0.056819912,True
EVFFGLSRY,1,0.94759506,0.038627535,True
EVLKDAIKD,1,0.45814288,0.16065447,False
EVVQFMNSM,1,0.85673624,0.047111835,True
EYHQEGGPDG,1,0.296696,0.08679822,False
EYLLGRFSVL,1,0.6960154,0.10407508,False
EYMLDLQPET,1,0.29997432,0.08382726,False
EYRHYCYSL,1,0.8358865,0.067223705,True
FAFRDLCIV,1,0.7992888,0.08202133,False
FAFRDLCIVY,1,0.9391472,0.03999873,True
FAFRDLCIVYR,1,0.7010257,0.112732545,False
FARERRLAL,1,0.9625523,0.03712243,True
FARQAVWLRE,1,0.35136402,0.10930848,False
FARTLLAAL,1,0.91570956,0.054096267,True
FEDPTRRPY,0,0.81666315,0.08835354,False
FELSQMVQW,1,0.78446335,0.09372886,False
FFNVEIPEF,1,0.9901577,0.012222839,True
FFVTTTGQTVE,1,0.24195138,0.06388722,False
FGLVLFPAQI,1,0.23942028,0.09217059,False
FGQLTPHTKAV,1,0.2775461,0.075717494,False
FIPHLFCML,1,0.836425,0.06866275,True
FLDKGTYTL,1,0.9970358,0.0051413854,True
FLGERVTLT,1,0.5925495,0.13233513,False
FLGKYIKVKK,1,0.69041353,0.11935125,False
FLLAMTSLR,1,0.5758961,0.0867331,False
FLLCFCVLL,1,0.86677855,0.07478277,True
FLQGSVICFV,1,0.81714785,0.071598284,True
FLQRTDLSY,1,0.90675515,0.047111947,True
FLSPVIMNK,1,0.9848629,0.01853376,True
FLSQVKIPKT,1,0.45530474,0.15271395,False
FLYALALL,1,0.5760204,0.13572887,False
FLYALALLL,1,0.84354436,0.0747995,True
FMVFLQTHI,1,0.74228007,0.066345535,True
FPALRDAIL,1,0.9607821,0.033599656,True
FQAQNIAGL,1,0.8095212,0.05538497,True
FQDPQERPRK,1,0.32237092,0.12693286,False
FRDLCIVY,1,0.45480138,0.10477349,False
FRKAQIQGL,1,0.42747378,0.07327705,False
FRKAQIQGLS,0,0.18459481,0.06317708,False
FRRDLLCPLGA,1,0.43928352,0.096647374,False
FSSQLGLFY,1,0.96903884,0.026297377,True
FTASVSTVV,1,0.83304673,0.08159089,True
FTPDPYQVPF,0,0.6178897,0.114444025,False
FTPVPMVAL,1,0.944585,0.032370433,True
FTYPVLEEM,1,0.93651384,0.044524733,True
FVYGGSKTSL,1,0.98521835,0.019218728,True
FVYGGSKTSLY,1,0.97140384,0.026594052,True
FWLYIVMSD,1,0.3269847,0.11230424,False
FYISLIQGL,1,0.96252334,0.02670957,True
FYMTHGLGTL,1,0.9437932,0.04299453,True
FYNIPPMPL,1,0.9295564,0.046904217,True
FYPLATYPL,1,0.9453409,0.040110834,True
FYPPVLQPI,1,0.899274,0.054501627,True
FYRSLLTIL,1,0.74268794,0.074931644,True
FYSRIREL,1,0.73475343,0.093818545,False
GADSTSRSFMY,1,0.76338595,0.07453293,True
GAGPHLPTL,1,0.87708557,0.058354095,True
GCDPHLPTL,1,0.7252889,0.065913126,True
GDDPHLPTL,1,0.7371252,0.05674364,True
GEDPGFFNV,1,0.9524345,0.03495975,True
GEGPGINPI,1,0.7991345,0.07028594,True
GEQGYKVSLDL,1,0.5388771,0.12304566,False
GGDPHLPPL,1,0.6207061,0.06586836,False
GGDPHLPTL,1,0.7606259,0.06589942,True
GGDPHVPTL,1,0.84962296,0.06623463,True
GGDPPLPTL,1,0.4935641,0.054821238,False
GGDTPLPTL,1,0.37257096,0.060411196,False
GGDTPTLHEY,0,0.3604244,0.090344355,False
GIDPHLPTL,1,0.9456884,0.04437667,True
GIRTYFVQF,0,0.55113995,0.12782693,False
GIVCPICSQK,1,0.8654012,0.08227598,False
GLCTLVAM,1,0.472455,0.115465686,False
GLGTLGAAI,1,0.6191238,0.12417313,False
GLGTLGAAL,1,0.6243529,0.11956483,False
GLQGIYVLV,1,0.85524005,0.08373189,False
GPKVKRPPI,1,0.9270952,0.037611503,True
GPREQERYAR,0,0.22645427,0.09334436,False
GQGGSPTAM,1,0.40355754,0.08015263,False
GQTVEMSPF,1,0.31125975,0.092408836,False
GREITQMQQE,0,0.23513108,0.08092114,False
GRKPQCFWEM,0,0.15531473,0.07049923,False
GRRQKRAAPPT,0,0.17970969,0.07528786,False
GRWTGRCM,1,0.5278714,0.102286674,False
GRWTGRCMSC,1,0.53960747,0.100197084,False
GSDPHLPTL,1,0.93353415,0.045457132,True
GTDPHLPTL,1,0.9488323,0.03256517,True
GTHITNGGY,1,0.62418115,0.08566356,False
GTLGIVCPI,1,0.69797593,0.08177174,False
GTTLEQQYNK,1,0.74975836,0.12926112,False
GTYKRVTEK,1,0.94099355,0.05398333,True
GVFVYGGSK,1,0.93989754,0.048814945,True
GYDVGHGPL,1,0.748116,0.06369678,True
GYFTSPGGYYA,1,0.3954404,0.115152046,False
GYQEPPAHGL,1,0.5613076,0.11874545,False
GYRTATLRTL,1,0.49710128,0.101950206,False
HAMHISTGL,1,0.9706664,0.019774346,True
HASHYTIPW,1,0.7900784,0.058310732,True
HDIILECV,1,0.61770666,0.12692383,False
HDIILECVY,1,0.90594965,0.056581266,True
HEYMLDLQPET,1,0.2678306,0.07988772,False
HGAPAAHFL,1,0.5146177,0.12836589,False
HGDTPTLHEY,1,0.8473432,0.06492374,True
HHIWQNLL,1,0.27964786,0.08520928,False
HISTGLSIF,1,0.5103791,0.08438941,False
HLAAQGMAY,1,0.9594443,0.028129945,True
HLDELTTTL,1,0.993609,0.010559049,True
HLDKKQRFH,1,0.43180496,0.14222436,False
HNIRGRWTGR,1,0.735027,0.11632987,False
HPAATHTKAV,1,0.8079535,0.081392124,True
HPVAEADYFEY,1,0.8942222,0.067952834,True
HPVGDADYFEY,1,0.9144917,0.06226464,True
HPVGEADY,1,0.7971781,0.13080409,False
HPVGEADYF,1,0.95851386,0.039487638,True
HPVGQADYFEY,1,0.82435554,0.07946802,True
HPVLVTATL,1,0.96788573,0.027522292,True
HRCQAIRK,1,0.4341639,0.092779584,False
HRCQAIRKK,1,0.4631037,0.1521489,False
HRDSVDSAPI,1,0.34436944,0.09934683,False
HRKHQDGFQR,0,0.18123087,0.08934336,False
HVDIRTLED,1,0.16420573,0.091641985,False
HVDIRTLEDL,1,0.1306394,0.070108056,False
HVIQNAFRK,1,0.91535413,0.07716245,True
HVLSLVFGK,1,0.9418046,0.038987543,True
HVSTAPTGSW,1,0.4600047,0.06932347,False
HYANFHNYF,1,0.98168993,0.019527042,True
HYKEIPRLF,1,0.91705483,0.0474488,True
HYNIVTFCC,0,0.22103241,0.08405283,False
HYNIVTFCCK,1,0.27812847,0.07878061,False
HYQTLCTNF,1,0.92829263,0.041150533,True
IALYLQQNW,1,0.26739368,0.09544885,False
ICWGNQLFV,1,0.42960262,0.112610795,False
IEDPPFNSI,0,0.89774084,0.05627099,True
IEDPPFNSL,1,0.97270256,0.029767776,True
IELDGIATL,1,0.9002772,0.06039634,True
IENIDFASL,1,0.7727325,0.07297805,True
IFVYIPLFL,1,0.86722,0.07342797,True
IHDIILECV,1,0.29827508,0.097096615,False
IHDIILECVY,1,0.25133476,0.07984447,False
IHSMNSTIL,1,0.22523402,0.067642465,False
IIIILIIFI,1,0.2758997,0.09021518,False
IILECVYCK,1,0.88366723,0.05720913,True
IILVLLLWI,0,0.24476238,0.08464296,False
ILIYNGWYA,1,0.6810831,0.12651795,False
ILLARLFLY,1,0.8056415,0.10454221,False
ILLIIALYL,1,0.5687773,0.13148019,False
ILRRFPLDL,1,0.8192983,0.08487849,False
ILTAFNSSHK,1,0.93239594,0.044252306,True
ILTDFSVIK,1,0.92896426,0.04922763,True
ILVLLLWIT,0,0.16735314,0.08245641,False
ILYFIAFAL,1,0.72601026,0.098288424,False
IMAPPVVRM,1,0.93592227,0.039622396,True
INPISKTELQA,1,0.29970512,0.094188936,False
IPLINVTFI,1,0.6171809,0.10614227,False
IPQCRLTPL,1,0.90313536,0.0524996,True
IPRSTVKVTV,1,0.9387146,0.055046108,True
IQAPSNRVM,1,0.7458526,0.07785242,True
IRDAACRAVK,0,0.283769,0.06360922,False
IRGRWTGRC,1,0.2641344,0.14713314,False
IRPIPTRFPP,0,0.19217262,0.069961786,False
IRRGPLVAEG,0,0.3062788,0.0728666,False
IRTLEDLLMGT,1,0.4562198,0.11857571,False
ISEYRHYCY,1,0.7616286,0.10827227,False
IVAPYLFWL,1,0.9063936,0.05807681,True
IVCPICSQK,1,0.9079091,0.08070134,True
IVKQRRWKL,1,0.5378176,0.14969377,False
IVLHLEPQNEI,0,0.23984917,0.06951525,False
IVMRYVLDH,1,0.6351131,0.11858826,False
IVTDFSVIN,1,0.6110137,0.10484256,False
IVTDFSVIR,1,0.819349,0.07630662,True
IVTDFSVIT,1,0.57551455,0.10935735,False
IVTDLSIIK,1,0.91074944,0.05692551,True
IVTDLSVIK,0,0.889934,0.0522855,True
IVTFCCKCD,0,0.29859635,0.07895387,False
IVTFCCKCDS,0,0.3579942,0.07150143,False
IVYIIFVYI,0,0.39091995,0.1305113,False
IVYRDGNPY,1,0.9256607,0.046515323,True
IVYRDGNPYA,0,0.361051,0.13494466,False
IYGDTDSLF,1,0.85205984,0.06094463,True
IYLLEMLWRL,1,0.66589683,0.14167824,False
IYVLVMLVL,1,0.7395493,0.090078905,False
IYVLVMLVLL,1,0.3325348,0.09839047,False
KAVETPILV,1,0.8238376,0.06835718,True
KCRAKFKQL,1,0.46602452,0.15119255,False
KDTWLDARM,1,0.13140367,0.08580719,False
KEHVIQNAF,1,0.917217,0.051095836,True
KEHVIQNAFRK,1,0.21644768,0.110837154,False
KFKQLLQHY,1,0.6521981,0.08656501,False
KFYSKISEY,1,0.96394074,0.038028646,True
KISEYRHYC,1,0.6602721,0.1263743,False
KIVTNILIY,1,0.95601565,0.027706826,True
KLGPGEEQV,1,0.80609566,0.080890745,True
KLLRYASAK,1,0.9257633,0.0473291,True
KLLSKLLCV,1,0.92283577,0.041758996,True
KLLTPVTVL,0,0.8418399,0.06351927,True
KLPDLCTEL,1,0.9923068,0.009509144,True
KLPHLCTEL,1,0.9183684,0.052160244,True
KLVCSEPLVK,1,0.9246791,0.053556204,True
KPWLRAHPV,1,0.845774,0.09578428,False
KQPLCLLAAY,1,0.2729849,0.07683339,False
KQRKPGGPW,1,0.32402274,0.111061655,False
KRAAPPTVSPS,0,0.2635548,0.08552612,False
KRPPIFIRR,1,0.46530494,0.15453954,False
KRPPIFIRRL,1,0.4567492,0.17143187,False
KRPPIFIRRLH,1,0.57566833,0.14522256,False
KRPRVEESSH,0,0.2554347,0.096786566,False
KRTNVKTSDR,0,0.2806445,0.091004156,False
KSAIVTLTY,1,0.9896319,0.024806112,True
KSNSPFDFFV,1,0.3647353,0.14094949,False
KTIGNFKPY,1,0.95425826,0.039209798,True
KTTWVHWAL,1,0.76272005,0.09070031,False
LASAMRML,1,0.40514287,0.1388386,False
LASAMRMLW,1,0.31836012,0.09198309,False
LAVSKNKAL,1,0.8936943,0.059039608,True
LAYARGQAM,1,0.93822616,0.05327154,True
LCTELQTTI,0,0.2766946,0.07414284,False
LCVQSTHVD,0,0.23611748,0.070836306,False
LCVQSTHVDI,1,0.4331354,0.106841825,False
LDFVRFMGV,1,0.45575893,0.12963217,False
LEDLLMGTL,1,0.39927375,0.09132335,False
LEDLLMGTLGI,1,0.25663987,0.077586785,False
LEKARGSTY,1,0.7876537,0.10053612,False
LERPLAVQL,1,0.85014755,0.072363175,True
LFQPLHTVM,1,0.93883914,0.04698315,True
LFTFLAMAEKL,1,0.24876347,0.12979327,False
LGATIWQLL,1,0.35012016,0.11338884,False
LGIVCPICS,1,0.28756908,0.07769888,False
LIGFALFGV,1,0.81724226,0.06152534,True
LIIPNVTLAH,1,0.49297875,0.0864895,False
LIPETVPYI,1,0.951897,0.040833447,True
LIVAAIVFI,1,0.7011918,0.09332312,False
LIVDAVLQL,1,0.850774,0.061902467,True
LLAAVASSY,1,0.92237,0.042333476,True
LLARSHVER,1,0.6903574,0.121677175,False
LLASAQPLH,1,0.41735825,0.08867005,False
LLDFVRFMG,1,0.37963852,0.12584955,False
LLDFVRFMGV,1,0.71654814,0.08573405,False
LLDFVRFMGY,1,0.59512436,0.111021586,False
LLDFVRMGV,1,0.8157888,0.069907546,True
LLIEGIFFI,1,0.91221887,0.0565881,True
LLIRCINCQK,1,0.81455827,0.07053353,True
LLITSNINA,1,0.6175707,0.08345388,False
LLLIALWNL,1,0.67509514,0.11991172,False
LLLSVSTYT,1,0.7131124,0.0984746,False
LLMGTLGIVC,0,0.36419106,0.07862003,False
LLQHYREVAA,1,0.66773057,0.13856196,False
LLQQYCLYL,1,0.86706513,0.062416147,True
LLRREVYDF,1,0.48092976,0.13795766,False
LLRREVYDFA,0,0.23610096,0.09166942,False
LLSAWILTA,1,0.8718373,0.057843562,True
LLVDLLWLL,1,0.8529033,0.06188063,True
LLVIVAPYL,0,0.7170538,0.08926821,False
LLWAARPRL,1,0.7624259,0.07942683,True
LLWITAASA,1,0.4967785,0.107593335,False
LLWTLVLL,0,0.46637273,0.11755433,False
LLWTLVVL,1,0.5080449,0.11663989,False
LLWTLVVLL,1,0.7483509,0.09012517,False
LLYDSPATL,1,0.97851104,0.027806442,True
LMARRARSL,1,0.69533867,0.12392017,False
LMGTLGIVCPI,1,0.28768405,0.11251376,False
LMIIPLINV,1,0.7791814,0.06442501,True
LPCVLWPVL,1,0.8672575,0.07831177,True
LPLDLSVILF,1,0.89398,0.07034379,True
LPPHDITPY,1,0.7837404,0.07864169,True
LPQGQLTAY,1,0.9447773,0.047025785,True
LPQLCTEL,1,0.8495714,0.06773932,True
LPRAWLQRL,1,0.96661353,0.032395683,True
LPRDTGPEL,1,0.9816224,0.024891356,True
LPTPMQLAL,1,0.9650118,0.033315312,True
LPVIVAPYL,1,0.9629232,0.032657195,True
LQALSNLIL,1,0.30657077,0.109231055,False
LQDVSLEVY,1,0.8354695,0.0660994,True
LQHYREVAA,1,0.37225166,0.14320858,False
LQPETTDLY,1,0.5279335,0.10889608,False
LQQNWWTLL,1,0.6924446,0.11449494,False
LQSSLHLTA,1,0.33794516,0.09417552,False
LQSSSYPGY,1,0.5303388,0.08559381,False
LQTHIFAEV,1,0.83406484,0.058175698,True
LQTTIHDII,1,0.4401098,0.14217366,False
LRGKWQRRYR,1,0.71431303,0.14591418,False
LRLCVQSTH,0,0.21623893,0.0638457,False
LRLCVQSTHV,0,0.2908985,0.09779404,False
LRTLTPVPNR,0,0.20703617,0.078977875,False
LSAERYTLF,1,0.7566057,0.08570142,False
LSIFDTSLF,1,0.46762016,0.09672374,False
LSRLPFGMA,1,0.2579638,0.094680525,False
LSVIPSNPY,1,0.8554911,0.072121434,True
LTAGFLIFL,1,0.8914485,0.05693003,True
LTAPTGCIKK,1,0.93772066,0.04284221,True
LTEAQDQFY,1,0.7581909,0.12346063,False
LTEWGSGNRTY,0,0.58821154,0.12574026,False
LTMVAGAVW,1,0.4430691,0.095703736,False
LTPLSRLPF,1,0.6232859,0.11587641,False
LTQAAGQAF,1,0.822537,0.07847087,True
LVDLLWLLL,1,0.35184917,0.110370465,False
LVSSGNTLY,1,0.89204407,0.053533874,True
LVSSSAPSW,1,0.4479874,0.082255945,False
LYALALLLL,1,0.7583273,0.098499805,False
LYEASTTYL,1,0.9481458,0.038970117,True
LYLQQNWWTL,1,0.7998238,0.09960267,False
LYNLRRGIAL,0,0.49064073,0.14983867,False
LYSFALMLI,1,0.8022153,0.07863505,True
LYTGLAQAL,1,0.91748756,0.06022354,True
MAPPVVRMF,1,0.99150395,0.011709294,True
MEQRVMATL,1,0.87645805,0.05764672,True
MGSLEMLPM,0,0.41485074,0.10889953,False
MGSLEMMPM,0,0.3799332,0.09983858,False
MGSLEMVPM,1,0.41327724,0.11231056,False
MGSLEVMPM,1,0.44757146,0.09430089,False
MHGDTPTL,1,0.3737455,0.1042699,False
MHQKRTAMF,1,0.40166005,0.10091361,False
MLDLQPET,1,0.33262902,0.116871655,False
MLDLQPETT,1,0.2177741,0.07395131,False
MLLLIVAGI,0,0.63788724,0.078668594,False
MLNRYKLIY,1,0.9266092,0.046701252,True
MMAKSNSPF,1,0.73355734,0.08375005,False
MRAGREITQM,0,0.13478966,0.06408768,False
MRERQLPQST,0,0.3253399,0.0963925,False
MSNWTGGAL,1,0.442428,0.12778784,False
MTAASYARY,1,0.9371553,0.038274795,True
NAAEPEQPW,1,0.82352394,0.08312233,False
NDYHHFKTI,1,0.8667689,0.070510454,True
NEQMIGQVL,1,0.8501287,0.06748478,True
NESVSRIEL,1,0.83164614,0.071514614,True
NGALAINTF,1,0.44540027,0.0678027,False
NIAEGLRAL,1,0.89656043,0.055792384,True
NIVTFCCKC,0,0.40619946,0.12129399,False
NIVTFCCKCD,0,0.5808385,0.11612632,False
NLDTASTTL,1,0.97332597,0.018922267,True
NNLPNDVFREA,1,0.41883668,0.10540129,False
NPCHTTKLL,1,0.86936724,0.06874306,True
NPQGERRAF,1,0.9649719,0.031616174,True
NPRLPVCNL,1,0.9402818,0.035133325,True
NPYAVCDKCL,1,0.65777403,0.10440296,False
NRGWMQRIRR,0,0.20110136,0.10821333,False
NRVGADSIML,0,0.2938243,0.08437828,False
NSIIMLGQDDF,1,0.21691887,0.09109349,False
NTTPIVHLK,1,0.9695511,0.028807104,True
NVTEDLASM,1,0.6501937,0.12571116,False
NYNPGTLSSL,1,0.9377512,0.042004887,True
PARSLREWEL,0,0.19406788,0.094823636,False
PHGPVQLSYYD,1,0.21568051,0.08817977,False
PKFENIAEGLR,1,0.2499746,0.07006205,False
PLCDLLIRC,1,0.30580723,0.122049816,False
PLFDRKSDAK,1,0.30127394,0.1257351,False
PLSRLPFGM,1,0.29050484,0.13754405,False
PMPLRPIPL,1,0.69661987,0.09276844,False
PNASGMFESRW,1,0.4150099,0.093125895,False
PPCPYAESSWA,1,0.4838704,0.11526301,False
PRAPHLPPQW,0,0.49319264,0.07708073,False
PRAPIRPIPT,0,0.25404727,0.08518874,False
PRGDATSETS,0,0.38724574,0.09781578,False
PRILAPLSAG,0,0.2905296,0.077371374,False
PRIMAPPVVR,0,0.28323403,0.08854641,False
PRKLPWPTPK,0,0.26865768,0.093999706,False
PRLQLSLVPL,0,0.22094405,0.0890616,False
PRPSWAPSVC,0,0.45916077,0.112236276,False
PRSQHPCYR,0,0.45171478,0.101338126,False
PRVEESSHGP,0,0.24348955,0.100018345,False
PRYEDPDAPL,0,0.2596856,0.09675568,False
PSDSAGNDG,1,0.45623645,0.081614226,False
PVFDRKSDAK,1,0.28864086,0.13259403,False
PYAVCDKCL,1,0.48217797,0.09735354,False
PYLFWLAA,1,0.5836579,0.13016932,False
PYLFWLAAI,1,0.8161142,0.06536158,True
PYLFWLAAIA,1,0.3793106,0.12722252,False
QAEPDRAHY,1,0.90130216,0.07002279,True
QAKWRLQTL,1,0.8870552,0.04938451,True
QAYAAPQLF,1,0.9030037,0.056768805,True
QEPGPVGPL,1,0.41903105,0.07980513,False
QEQLSDTPL,1,0.51966196,0.12838341,False
QERPRKLPQL,1,0.26263043,0.108677074,False
QIFNKPYWL,1,0.913397,0.045537446,True
QLCTELQTT,1,0.3918985,0.09201399,False
QLCTELQTTI,1,0.390446,0.085422195,False
QLLQHYREV,1,0.93773097,0.045695912,True
QLLRREVY,0,0.1752096,0.097320884,False
QLSPLLGAV,1,0.77072906,0.075702555,True
QLTPHTKAV,1,0.841066,0.067828305,True
QNGALAINT,1,0.2990418,0.10762083,False
QNGALAINTF,1,0.33632958,0.09797035,False
QPAPENAY,1,0.75321114,0.09995147,False
QPAPENAYQAY,1,0.92079276,0.05835333,True
QPETTDLYCY,1,0.597393,0.13800596,False
QPRAPIRPI,1,0.90424097,0.04715379,True
QPRAPIRPIPT,1,0.525894,0.11293362,False
QPRAPIRPIT,1,0.4712475,0.12785938,False
QPRLTPPQPL,1,0.79063654,0.060408946,True
QQLLRREVY,1,0.64365405,0.1023122,False
QQMFPGAPF,1,0.35240883,0.10297679,False
QQNWWTLLV,1,0.75517845,0.09181533,False
QQYNKPLCDL,1,0.19689384,0.07495091,False
QRFHNIRGRW,1,0.19988386,0.09980275,False
QRIRRRRRRR,0,0.32535067,0.14720644,False
QRLQDIRRGPL,0,0.28978056,0.083163105,False
QRPVMFVSRV,0,0.2518765,0.14869702,False
QRRYRRIYDL,0,0.25771296,0.13778703,False
QRRYRRIYPL,0,0.22487654,0.13503137,False
QRSGRRQKRA,0,0.18172069,0.13009632,False
QRSYVSGVL,1,0.3011335,0.12063132,False
QSRGDENRGW,1,0.5788616,0.12133991,False
QSTHVDIRT,0,0.22002746,0.11585683,False
QSTHVDIRTL,0,0.23414078,0.08805454,False
QTAAAVVF,1,0.53538316,0.12368168,False
QTVEMSPFY,1,0.81199473,0.083610386,False
QVATEGLAK,1,0.9335028,0.045322336,True
QVDYYGLYY,1,0.82516325,0.08256633,False
QVILCPTSV,1,0.36589614,0.074688934,False
QVVEHLNRM,1,0.7742208,0.10471316,False
QYNKPLCDL,1,0.81355834,0.0984336,False
QYNKPLCDLL,1,0.5357773,0.14303802,False
RAHYNIVTFC,0,0.27602404,0.07590308,False
RAKFKHLLQ,1,0.38433808,0.15932468,False
RAKFKQLLQ,1,0.25719965,0.101454735,False
RALIDEFMSV,1,0.6348175,0.1065978,False
REAGMAATL,1,0.8941605,0.051146585,True
REGGGAVRL,1,0.85689497,0.088562235,False
RENHTEGLL,1,0.59714586,0.08940555,False
RESIVCYFM,1,0.48935077,0.10944369,False
RFHNIRGRW,1,0.664472,0.13111593,False
RFIAQLLLL,1,0.9102919,0.05877253,True
RFPPPPMPL,1,0.95095366,0.036825016,True
RKIYDLIEL,1,0.7025108,0.09265761,False
RLASSLYVY,1,0.96055466,0.030189918,True
RLATVGYPK,1,0.9589872,0.03167812,True
RLCVQSTHV,1,0.6736598,0.09040536,False
RLCVQSTHVD,0,0.1321158,0.0654483,False
RLECAIYYK,1,0.91589564,0.05515142,True
RLFLYALAL,1,0.8784864,0.05513738,True
RLGATIWQL,1,0.8319076,0.06457352,True
RLHRLLLMR,1,0.83233345,0.071747914,True
RLNVCQDKIL,0,0.30058175,0.087452754,False
RLQLSSVPL,1,0.5585598,0.07454169,False
RLRAEAQVK,1,0.75898665,0.106467195,False
RLVWACVGV,1,0.8065539,0.07677343,True
RMFMRERQL,1,0.711408,0.13301978,False
RMLCMAQYL,1,0.8143934,0.08773263,False
RPAPPKIAM,1,0.9858979,0.015955342,True
RPFKSNKST,1,0.69431895,0.12589343,False
RPGRPLAGFYA,1,0.6469297,0.15402225,False
RPPIFIRLL,1,0.9407415,0.04906163,True
RPPIFIRRLH,1,0.48928046,0.11193143,False
RPPIFIRRLHR,1,0.4771068,0.12423782,False
RPQGGSRPEFV,0,0.40942162,0.1374875,False
RPQKRPSCI,1,0.9012429,0.060241003,True
RPQKRPSCIGC,1,0.46882984,0.12646604,False
RPRFEHPHL,1,0.9615697,0.047780063,True
RPRIMAPPV,1,0.813033,0.070701644,True
RPRKLPQL,1,0.9074683,0.062047992,True
RPRKLPQLC,1,0.56739676,0.12104218,False
RPRKLPQLCT,1,0.5806082,0.13734595,False
RPRNRYSQL,1,0.9612971,0.03433678,True
RPRPPARSL,1,0.9891111,0.014371733,True
RPRPRTPEW,1,0.9693251,0.029804694,True
RPTELQPTP,1,0.6123305,0.09179267,False
RQHPGLFPF,1,0.85169446,0.07564553,True
RRAALSGHL,1,0.27534702,0.119149946,False
RRAALSGHLL,0,0.14789198,0.08637866,False
RRARSLSAERY,1,0.24374534,0.127734,False
RREVYDFAFR,1,0.32436475,0.1298112,False
RRGACVVYDD,0,0.23060061,0.07310291,False
RRGIKEHVIQ,0,0.106028184,0.059360996,False
RRIFDLIEL,1,0.66720176,0.10968522,False
RRIYDIEL,1,0.36274165,0.0908827,False
RRIYDLIEL,1,0.7251968,0.0894691,False
RRLHRLLLM,1,0.21401241,0.08911506,False
RRLTVCGGIMF,1,0.2529633,0.08147836,False
RRLVVTLQC,1,0.18285318,0.071650535,False
RRPNHMNVL,1,0.83083224,0.0680949,True
RRQKRAAPPT,0,0.12882519,0.08210178,False
RRRKGWIPL,1,0.7446545,0.13740377,False
RRRRRRAAL,1,0.40758038,0.16352375,False
RRRWRRLTV,1,0.2819019,0.1130755,False
RRVRRRVLV,1,0.2934429,0.13302469,False
RRWRRLTVC,1,0.1489696,0.088206895,False
RRYASQTEL,1,0.61814874,0.08006841,False
RRYPYPAR,1,0.5280125,0.1278217,False
RRYRRIYDL,1,0.32533607,0.1613215,False
RRYRRIYDLI,0,0.08278489,0.060197104,False
RSDEYVAYY,1,0.9935084,0.0087883435,True
RTAMFQDPQER,1,0.7518291,0.09963417,False
RTLEDLLMGT,1,0.6363834,0.103767514,False
RTLEDLLMGTL,1,0.41325313,0.10924689,False
RTWDRMTEKL,1,0.6378056,0.1233954,False
RVRAYTYSK,1,0.9646828,0.033160824,True
RVRAYTYSKV,1,0.48008564,0.1304363,False
RWTGRCMSCC,1,0.1621117,0.07701479,False
RYAREAEVRF,1,0.92795646,0.047363095,True
RYCCYYCLTL,1,0.85801816,0.07128121,True
RYEDPDAPL,1,0.6262695,0.09910534,False
RYFTVAFLF,1,0.9521479,0.04217673,True
RYKNRVASR,1,0.18388753,0.075769946,False
RYRFKKHCTL,0,0.26449335,0.10590194,False
RYSESGQFHAF,1,0.8940571,0.06492359,True
RYSIFFDY,1,0.6729213,0.12558839,False
RYSIFFDYM,1,0.94697386,0.03998185,True
SAFRCFIVY,1,0.9890041,0.015956333,True
SCSSCPLSK,1,0.5684229,0.07824656,False
SEIAYKYAQL,1,0.82342494,0.093747236,False
SELEIKRY,1,0.93499213,0.04502471,True
SENDRLRLL,1,0.78894514,0.10962429,False
SEPCEALDL,1,0.39890265,0.112966426,False
SESGQFHAF,1,0.9752532,0.02812448,True
SEYRHYCYSL,1,0.8256005,0.09944184,False
SFDDGVDL,1,0.71407723,0.0801322,True
SFFDRKSDAK,1,0.46480876,0.1243856,False
SIVADMVTY,1,0.9431548,0.0504027,True
SIVCYFMVFL,0,0.45256338,0.1271214,False
SKISEYRHY,1,0.64727014,0.12841173,False
SLACSWGMV,1,0.6334446,0.10129248,False
SLACSWGMVV,1,0.67808187,0.099898964,False
SLFDRKSDAK,1,0.91181684,0.05907242,True
SLGGLLTMA,1,0.7778982,0.06812265,True
SLGGLLTMV,1,0.84243685,0.06850745,True
SLIILVLLL,0,0.5049921,0.10322672,False
SLREWLLRI,1,0.94000375,0.044302776,True
SLTRDDAEYL,1,0.4114278,0.17797336,False
SLVIVTTFV,1,0.7588846,0.07588886,True
SLYGTTLEQ,1,0.42708638,0.073256955,False
SMFIGTPNV,1,0.8259476,0.055448964,True
SMNPVCLPV,1,0.82652396,0.057114653,True
SPEIIRQHL,1,0.942343,0.03474041,True
SPRHYSTDL,1,0.95620614,0.04051335,True
SPRLKAICI,1,0.94036365,0.05546912,True
SQAAFGLPI,1,0.7972091,0.07330839,True
SQAPLPCVL,1,0.82608724,0.065781586,True
SQFPDFSVL,1,0.8744471,0.073109545,True
SQISNTEMY,1,0.9273766,0.040700756,True
SQQPVQMLY,1,0.99255586,0.010594353,True
SRDQQPWGQS,0,0.17010929,0.051925108,False
SRGDENRGWM,0,0.31583387,0.11593814,False
SRQSPDNERG,0,0.38284537,0.17157908,False
SRRRRGACVV,0,0.15966915,0.10188923,False
SRRTSRPNR,1,0.27249584,0.086264975,False
SRVHGNGTL,1,0.27393657,0.072714455,False
SRVPAKKPRK,0,0.18961816,0.08139679,False
SRWPYLHNR,1,0.61526483,0.116025634,False
SSCSSCPL,1,0.45830017,0.07714606,False
SSCSSCPLS,1,0.30242404,0.07462484,False
SSCSSCPLSK,1,0.8944067,0.050664283,True
SSCSSCPLSKI,1,0.37152424,0.12330713,False
SSCSSCPLSKV,1,0.3909777,0.12096796,False
SSRTRRETQL,1,0.16049546,0.09236462,False
SSSIGLALL,1,0.24565433,0.07072654,False
SSTEFIPHL,1,0.93299127,0.053635195,True
SSYAAAQRK,1,0.93069464,0.04001374,True
STAPTGSWF,1,0.5841472,0.13892704,False
STEFIPHLF,1,0.74928224,0.09016843,False
STHVDIRTL,0,0.36504287,0.08272877,False
STHVDIRTLE,0,0.2633121,0.08921006,False
STLRLCVQS,0,0.25369814,0.09010194,False
STLRLCVQST,0,0.23586008,0.08959826,False
SVFYRKPDTK,0,0.9135709,0.059435915,True
SVRDRLAR,0,0.30917284,0.14994863,False
SVRDRLARL,1,0.86258507,0.0611459,True
SYAAAQRKL,1,0.9038183,0.04865537,True
SYAAAQRKLL,1,0.6524301,0.07514965,False
SYGCPTNPF,1,0.80280256,0.08100218,True
SYKTLREFF,1,0.9251808,0.04652355,True
SYQALAFDI,1,0.80264556,0.09435747,False
SYSIPSMTL,1,0.9114906,0.05467455,True
SYVKQPLCL,1,0.97383887,0.02752261,True
SYVKQPLCLL,1,0.81857103,0.07770709,True
TAYCPLQHW,1,0.5476708,0.10896849,False
TEDNVPPWL,1,0.68907446,0.08102816,False
TELQTTIHDI,1,0.31516135,0.09775697,False
TEMYIMYAM,1,0.46931276,0.103790015,False
TFCCKCDSTL,0,0.15037861,0.06170987,False
THIFAEVLKD,1,0.3143914,0.11973641,False
THVDIRTLE,0,0.32660168,0.10011178,False
THVDIRTLED,0,0.22733198,0.079125665,False
TIHDIILEC,1,0.46410933,0.114564404,False
TLDTKPLSV,1,0.954253,0.045659658,True
TLDYKPLSV,1,0.92629945,0.03539,True
TLEDLLMGT,1,0.5007665,0.119766,False
TLEDLLMGTL,1,0.49494612,0.113201246,False
TLEQQYNK,0,0.34740055,0.13025433,False
TLFIGSHVV,1,0.86928743,0.06274901,True
TLGIVCPI,1,0.4397974,0.1263185,False
TLGIVCPIC,1,0.16818051,0.06413488,False
TLHEYMLDL,1,0.87209964,0.05302432,True
TLHEYMLDLQP,1,0.54609525,0.094449244,False
TLIDVCPI,1,0.58401835,0.10885752,False
TLKCLRYRFK,1,0.56979036,0.09859638,False
TLLQQYCLYL,1,0.7305703,0.09301506,False
TLLVDLLWL,1,0.66139215,0.11914906,False
TLNLTTMFL,1,0.62692773,0.108375065,False
TLPQPRIPL,1,0.8986512,0.04612762,True
TLQDVSLEV,1,0.82759047,0.04793704,True
TLQDVSLEVYL,1,0.8340252,0.077237226,True
TLRLCVQST,0,0.23769835,0.065066814,False
TLRLCVQSTH,0,0.20955496,0.06523158,False
TLTSYWRR,1,0.6831186,0.11233291,False
TLTSYWRRV,1,0.810212,0.11842849,False
TLVDVRAIK,1,0.8671986,0.075579196,True
TLYTAVSST,1,0.46987695,0.062849134,False
TMHQDVATF,1,0.9585077,0.036763735,True
TPDPYQVPFV,1,0.6590164,0.104744196,False
TPRPVSRFL,1,0.9793387,0.021055903,True
TPSVSSSISSL,1,0.8216248,0.059250906,True
TPTLHEYML,1,0.91999036,0.0536769,True
TRFPPPPMPL,0,0.27109805,0.08504661,False
TSFESHDIDHY,1,0.8807468,0.059490573,True
TSKFLMGTY,1,0.53177774,0.092105106,False
TSPSQSWPM,1,0.26421508,0.10738487,False
TSSPSMPEL,1,0.45466915,0.060962252,False
TTDLYCYEQ,1,0.47530177,0.099709906,False
TTHKVIFSK,1,0.9771453,0.019855106,True
TTIHDIILECV,1,0.44765067,0.086963914,False
TTLEQQYNK,1,0.95287216,0.037491556,True
TVARHLLGAK,1,0.9228094,0.047579173,True
TVCGGIMFL,1,0.8364704,0.072995946,True
TVFYNIPPM,1,0.3458282,0.07423277,False
TVFYNIPPMPL,1,0.3754997,0.088111445,False
TVMEIAGLY,1,0.9863677,0.015096239,True
TVMSNTLLSAW,1,0.38266286,0.07261454,False
TVMSSIYGK,1,0.9836511,0.0193664,True
TVQTAAAVVF,1,0.40328103,0.09154116,False
TYGPVFMCL,1,0.969344,0.01804258,True
TYGPVFMSL,1,0.97996527,0.020681582,True
TYLQSLASL,1,0.938666,0.039801043,True
TYLSSSLFL,1,0.9223384,0.052234866,True
TYPLREVATL,1,0.68723047,0.10924678,False
TYPVLEEMF,1,0.86655676,0.088519946,False
TYTSGEACL,1,0.8285744,0.05987279,True
TYWQLNQNL,1,0.7916791,0.07642668,True
TYWQLNQNLL,1,0.7242135,0.08995411,False
VAQAPPTPL,1,0.8350763,0.052138716,True
VASGVHCNY,1,0.9796216,0.014910779,True
VAVDLSLPK,1,0.9371534,0.03879076,True
VCDKCLKFY,1,0.67734855,0.09425725,False
VEDLFGANL,1,0.7164939,0.10539317,False
VEITPYKPTW,1,0.92688364,0.045321222,True
VFGQQAYFY,1,0.34541366,0.12974387,False
VFMSLGGLL,1,0.82275176,0.100055605,False
VFSDGRVAC,1,0.60286725,0.10167669,False
VKRPPIFIRRL,1,0.38594568,0.11701696,False
VLFGLLCLL,1,0.8099747,0.077778235,True
VLFIFGCLL,1,0.77436876,0.09651445,False
VLKDAIKDL,1,0.7984387,0.08671675,False
VLLCVCLLI,1,0.7115094,0.08691105,False
VLLLWITAA,1,0.79522294,0.06917442,True
VLQWASLAV,1,0.8120525,0.07511917,True
VLRYHVLLEE,1,0.53372645,0.09032488,False
VLYSFALML,1,0.8861999,0.05703938,True
VMATLLPPV,1,0.8053351,0.059128333,True
VMSDWTGGALL,1,0.8251412,0.07610785,True
VMSNTLLSAW,1,0.36924443,0.06564058,False
VPAPAGPIV,1,0.9697421,0.03230422,True
VPGSETMCY,1,0.8910672,0.05995513,True
VPRPRFSAL,1,0.9850226,0.019332234,True
VQPPQLTQV,1,0.758684,0.06084631,True
VQRTFGVPRRQ,1,0.54618084,0.17676568,False
VQSTHVDIR,0,0.39154208,0.10811144,False
VQSTHVDIRT,0,0.41804394,0.12976512,False
VQTAAAVVF,1,0.56981367,0.08572623,False
VRFLRGKWQR,0,0.05670997,0.043841556,False
VRFMGVMSSC,0,0.3057556,0.06371502,False
VRMFMRERQL,0,0.29906034,0.124372296,False
VSFIEFVGW,1,0.38039306,0.122550145,False
VSGFISFFK,1,0.90363824,0.054571114,True
VSTAPTGSWF,1,0.32141218,0.09770768,False
VTDEGTSSF,1,0.98621154,0.016530555,True
VTFCCKCDS,0,0.25518906,0.088729315,False
VTFSAGTFK,1,0.9657415,0.026785137,True
VTLAHAGYY,1,0.9107626,0.050133172,True
VTNRHEEKF,1,0.5535689,0.17622219,False
VTPSATPDI,1,0.4469816,0.07441041,False
VTTQRQSVY,1,0.3714578,0.10500357,False
VVEGQVDYY,1,0.83531725,0.0831433,False
VVSMTLLLL,1,0.29687762,0.091654524,False
VYAASFSPNL,1,0.8172292,0.06933649,True
VYDFAFQDL,1,0.99113375,0.013555757,True
VYDFAFRDL,1,0.9901916,0.0123687,True
VYDSMLQSDL,1,0.4574599,0.07848125,False
VYGGSKTSL,0,0.8502603,0.053333484,True
VYLTAPTGCI,0,0.7373185,0.06923364,True
VYRDGNPYA,1,0.51778793,0.10555879,False
VYTNAIQYV,1,0.95717424,0.033340946,True
WAKWRLQTL,1,0.8328309,0.07790801,True
WAQIGHIPY,1,0.8633305,0.05281207,True
WEMRAGREI,1,0.76996267,0.11030037,False
WLAKSFFEL,1,0.91696703,0.05681575,True
WNLHGQALFL,1,0.58041376,0.09606953,False
WPRTTPTFL,1,0.91407335,0.052106168,True
WPTPKTHPV,1,0.8937768,0.06669499,True
WPTTPPRPI,1,0.80764246,0.07518424,True
WPYLHNRLV,1,0.8608506,0.07389119,True
WQLLAFFLA,1,0.38852254,0.12864631,False
WQRRYRRIY,1,0.81705207,0.1193569,False
WQWEHIPPA,1,0.8760325,0.0597263,True
WRHWLLTSPS,0,0.24802159,0.06567977,False
WTLVVLLI,1,0.4433008,0.114008084,False
YAAPQLFPV,1,0.8116741,0.07508508,True
YAMAIRQAI,1,0.98983556,0.018941414,True
YARYVLQKL,1,0.7420189,0.079740174,True
YAVCDKCLKF,1,0.6013525,0.12193252,False
YCYSLYGTTL,0,0.32512695,0.10317265,False
YDAPGWLIW,1,0.81674665,0.06608193,True
YDFAFRDL,1,0.76164114,0.10168091,False
YEEAGRGSM,1,0.5194561,0.100820415,False
YEERAHVVL,1,0.9410259,0.04984949,True
YFLEILWGL,1,0.89884156,0.057586856,True
YFLEILWRL,1,0.9461628,0.041044902,True
YGLERLAAM,1,0.8936106,0.05195928,True
YGTTLEQQY,1,0.60905695,0.11414983,False
YHDPETAAAL,1,0.93724173,0.045637663,True
YHLIVDTDSL,1,0.51065546,0.14261894,False
YICEEASVTV,1,0.82366455,0.07867425,True
YICEEASVTVV,1,0.7434534,0.093224116,False
YIIFVYIPL,1,0.7699831,0.07709972,True
YIPLFLIHT,1,0.58781105,0.1133097,False
YIVMSDWTGGA,1,0.31787783,0.111016594,False
YLHNRLVVF,1,0.9724743,0.023456542,True
YLLEILWRL,1,0.97766095,0.021932637,True
YLLEMLWRL,1,0.9608822,0.037752524,True
YLMEILWRL,1,0.98088574,0.02423724,True
YLQQNWWTL,1,0.95688874,0.037098613,True
YLTAPTGCI,1,0.59523803,0.09701579,False
YMLDLQPE,1,0.47936028,0.11589902,False
YMLDLQPETT,1,0.7141279,0.09922914,False
YMLDLQPETTD,1,0.3216795,0.092036664,False
YNIVTFCCK,0,0.3511773,0.096138634,False
YNIVTFCCKC,1,0.26958737,0.13240656,False
YNKPLCDLL,1,0.27170393,0.12655592,False
YNLRRGIAL,1,0.8591322,0.08766584,False
YNLRRGTAL,1,0.7289608,0.13507561,False
YNYSLTLEW,1,0.30610985,0.09192655,False
YPKHEQHGM,0,0.77103156,0.10880958,False
YPLHEQHGM,1,0.8829465,0.08251331,False
YPLHEQRGM,1,0.9014573,0.06206059,True
YPLHEQYGM,1,0.7894379,0.1210625,False
YPLHKQHGM,1,0.94754225,0.04473639,True
YPRNPTEQGNI,1,0.43543997,0.09229334,False
YQAYAAPQL,1,0.65141416,0.08061531,False
YQAYSSWMY,1,0.3631491,0.11868657,False
YQCYNAVKM,1,0.28301284,0.11473296,False
YQEPPAHGL,1,0.7621162,0.093395784,False
YQVPFVQAF,1,0.99472106,0.010093775,True
YRDGNPYAV,1,0.45308414,0.085682265,False
YRFKKHCTL,1,0.8511318,0.079726495,True
YRHPWAPWSQ,0,0.26558006,0.09775198,False
YRHYCYSL,1,0.46815693,0.119325355,False
YRSGIIAVV,1,0.82552344,0.07844575,True
YRTATLRTL,1,0.7068533,0.10020523,False
YRTATLRTLT,0,0.21290903,0.063045666,False
YSKISEYRHY,1,0.58355653,0.1240538,False
YSKNKVWEV,1,0.90867126,0.048849486,True
YSQGAFTPL,1,0.7842112,0.06471179,True
YTDHQTTPT,0,0.25665697,0.08760532,False
YTGAMTSKF,1,0.5128184,0.15009212,False
YVARTNIYY,1,0.9412442,0.042929947,True
YVHEGIRTY,1,0.9946643,0.0097702155,True
YYFQSGNEI,1,0.9174582,0.055794943,True
YYVHEGIRTY,1,0.9470049,0.037029088,True
